usdot_num,id,user_created,date_created,user_updated,date_updated,complaint_category,complaint_year,complaint_count
3500694,003e5853-e612-4661-b889-1113a62212ba,88f52f6b-b3f1-4ef4-ad24-a605f568e3ef,2024-02-16T17:59:52.992Z,,,Consumer Complaint(Deceptive Business Practices),2021,1
3179208,0164fac5-9ed5-49e2-a60b-874a3a4e5760,88f52f6b-b3f1-4ef4-ad24-a605f568e3ef,2024-02-16T17:59:52.929Z,,,Estimates/Final Charges,2021,1
2543958,018d14dc-a7d3-438d-8162-0acdfc926806,88f52f6b-b3f1-4ef4-ad24-a605f568e3ef,2024-02-16T18:00:14.278Z,,,Consumer Complaint(Deceptive Business Practices),2022,7
2955542,01bf5740-de67-4a41-a971-9266923a11a1,88f52f6b-b3f1-4ef4-ad24-a605f568e3ef,2024-02-16T17:59:53.099Z,,,Pickup and Delivery,2022,2
3307068,027b31c6-6493-47f2-82ca-92e223a7558b,88f52f6b-b3f1-4ef4-ad24-a605f568e3ef,2024-02-16T18:00:14.690Z,,,Weighing,2022,2
3307068,027fec86-cece-4c3c-99b4-d46c941dd16a,88f52f6b-b3f1-4ef4-ad24-a605f568e3ef,2024-02-16T18:00:14.684Z,,,Shipment Documents,2022,2
2372043,029822b2-9f8b-4e76-9338-a7c5ad5cbfb8,88f52f6b-b3f1-4ef4-ad24-a605f568e3ef,2024-02-16T18:00:14.090Z,,,Operating Authority,2021,1
1664920,03425935-4588-4d81-a9a6-a96975d02b52,88f52f6b-b3f1-4ef4-ad24-a605f568e3ef,2024-02-16T17:59:53.043Z,,,Loss and Damage,2023,1
2955542,039aaed0-ad10-4f83-ad07-065f4bc955ef,88f52f6b-b3f1-4ef4-ad24-a605f568e3ef,2024-02-16T17:59:53.090Z,,,Estimates/Final Charges,2022,2
3165347,04c7f987-357d-48c5-a06d-f9879736be07,88f52f6b-b3f1-4ef4-ad24-a605f568e3ef,2024-02-16T18:00:14.509Z,,,Consumer Complaint(Deceptive Business Practices),2023,1
3712697,056371a4-2931-41f5-ae6f-2d78fe6a9d0e,88f52f6b-b3f1-4ef4-ad24-a605f568e3ef,2024-02-16T18:00:26.556Z,,,Weighing,2023,2
2030210,058e1cc8-bfd8-43b5-a1d2-ab5edc247644,88f52f6b-b3f1-4ef4-ad24-a605f568e3ef,2024-02-16T18:00:26.752Z,,,Claim Settlement,2021,1
3006268,0685ae39-0a3a-45ac-bf72-800e34c946ae,88f52f6b-b3f1-4ef4-ad24-a605f568e3ef,2024-02-16T18:00:13.925Z,,,Weighing,2022,1
3013492,068991a7-ccf7-4a8b-a432-8f5556531daa,88f52f6b-b3f1-4ef4-ad24-a605f568e3ef,2024-02-16T18:00:14.403Z,,,Estimates/Final Charges,2022,2
2139244,06904b04-5a79-4f58-8ef5-24e40e9fbf3b,88f52f6b-b3f1-4ef4-ad24-a605f568e3ef,2024-02-16T17:59:53.132Z,,,Shipment Documents,2021,2
1151019,069bbb31-fd56-4f03-b565-07f48a1ca18d,88f52f6b-b3f1-4ef4-ad24-a605f568e3ef,2024-02-16T18:00:14.630Z,,,Pickup and Delivery,2022,3
2247863,069c1ef8-ea33-49e7-852c-edd2d16770a2,88f52f6b-b3f1-4ef4-ad24-a605f568e3ef,2024-02-16T18:00:14.338Z,,,Claim Settlement,2023,2
2886867,07021631-d3e4-400b-a7a8-094606b59da3,88f52f6b-b3f1-4ef4-ad24-a605f568e3ef,2024-02-16T18:00:14.384Z,,,Claim Settlement,2022,2
1151019,078311c9-4947-4bd8-8ba1-7347a14a5211,88f52f6b-b3f1-4ef4-ad24-a605f568e3ef,2024-02-16T18:00:14.621Z,,,Shipment Documents,2022,2
3429180,07a61124-644a-4fa6-bbbb-226398339ecd,88f52f6b-b3f1-4ef4-ad24-a605f568e3ef,2024-02-16T17:59:53.010Z,,,Estimates/Final Charges,2022,1
2955542,07bb301c-4d1f-491b-99cd-1ca0605d3cb4,88f52f6b-b3f1-4ef4-ad24-a605f568e3ef,2024-02-16T17:59:53.071Z,,,Hostage,2021,2
3500694,07c601a9-ca41-46a7-8634-278e448b0181,88f52f6b-b3f1-4ef4-ad24-a605f568e3ef,2024-02-16T17:59:52.979Z,,,Operating Authority,2021,1
2258113,091870bb-b009-4b9d-a1d9-aafa28d183aa,88f52f6b-b3f1-4ef4-ad24-a605f568e3ef,2024-02-16T17:59:52.956Z,,,Consumer Complaint(Deceptive Business Practices),2021,1
2372043,0983c1c1-5b6a-471a-ad82-f21424c50283,88f52f6b-b3f1-4ef4-ad24-a605f568e3ef,2024-02-16T18:00:14.120Z,,,Estimates/Final Charges,2022,2
3006268,0a7632d4-bbbd-49ef-a3f2-7952136d712f,88f52f6b-b3f1-4ef4-ad24-a605f568e3ef,2024-02-16T18:00:13.935Z,,,Claim Settlement,2022,3
2239995,0ad6bc70-4c1b-40b1-9da1-0799a3e78cba,88f52f6b-b3f1-4ef4-ad24-a605f568e3ef,2024-02-16T18:00:14.432Z,,,Loss and Damage,2021,1
2239995,0b9a9166-45f1-4839-bd46-a8de91561829,88f52f6b-b3f1-4ef4-ad24-a605f568e3ef,2024-02-16T18:00:14.430Z,,,Pickup and Delivery,2021,2
2924244,0c955e72-93cc-4fcb-b057-89c56cc03656,88f52f6b-b3f1-4ef4-ad24-a605f568e3ef,2024-02-16T18:00:14.144Z,,,Claim Settlement,2023,1
2955542,0cac71f9-afda-4890-914b-8b19b5f88621,88f52f6b-b3f1-4ef4-ad24-a605f568e3ef,2024-02-16T17:59:53.068Z,,,Weighing,2021,1
3179208,0cbf0470-0355-4a64-993b-19817854a6c8,88f52f6b-b3f1-4ef4-ad24-a605f568e3ef,2024-02-16T17:59:52.927Z,,,Shipment Documents,2021,1
2247863,0dc26acb-04ec-4386-9f0b-55c7feec817b,88f52f6b-b3f1-4ef4-ad24-a605f568e3ef,2024-02-16T18:00:14.291Z,,,Hostage,2021,7
2955542,0ed17c7b-4153-4ff7-bcf2-a5483c5c22f5,88f52f6b-b3f1-4ef4-ad24-a605f568e3ef,2024-02-16T17:59:53.056Z,,,Operating Authority,2021,1
3376640,0f32068f-959e-478f-8678-89f0c6e95329,88f52f6b-b3f1-4ef4-ad24-a605f568e3ef,2024-02-16T18:00:14.011Z,,,Estimates/Final Charges,2023,1
1413859,0f751061-3b45-4741-be32-d864be29f4d6,88f52f6b-b3f1-4ef4-ad24-a605f568e3ef,2024-02-16T17:59:53.117Z,,,Weighing,2022,1
3174328,10815844-0341-4b2c-9366-f4fceab4c865,88f52f6b-b3f1-4ef4-ad24-a605f568e3ef,2024-02-16T17:59:53.171Z,,,Weighing,2022,1
1664920,10d18707-335e-4faa-a76e-308172225810,88f52f6b-b3f1-4ef4-ad24-a605f568e3ef,2024-02-16T17:59:53.030Z,,,Loss and Damage,2022,2
3940800,1239f363-450a-4ff9-b831-02e1faf4a528,88f52f6b-b3f1-4ef4-ad24-a605f568e3ef,2024-02-16T18:00:26.782Z,,,Shipment Documents,2023,3
2258113,135b918a-2dc2-4620-8551-4cbb0678feab,88f52f6b-b3f1-4ef4-ad24-a605f568e3ef,2024-02-16T17:59:52.949Z,,,Estimates/Final Charges,2021,1
3712697,13b6928b-3d63-4680-8fb0-799503d38488,88f52f6b-b3f1-4ef4-ad24-a605f568e3ef,2024-02-16T18:00:26.432Z,,,Operating Authority,2022,3
3179208,1407808a-8aff-44bb-99d2-aadbfe7708a7,88f52f6b-b3f1-4ef4-ad24-a605f568e3ef,2024-02-16T17:59:52.932Z,,,Weighing,2021,1
3006268,142a1aa7-0553-487a-9f9b-333acb294f99,88f52f6b-b3f1-4ef4-ad24-a605f568e3ef,2024-02-16T18:00:13.913Z,,,Loss and Damage,2021,5
2038052,14406923-d89b-47ad-96b5-8b67be30d7fd,88f52f6b-b3f1-4ef4-ad24-a605f568e3ef,2024-02-16T17:59:52.998Z,,,Consumer Complaint(Deceptive Business Practices),2021,1
2955542,15247026-300f-40c7-ac60-021522439cb8,88f52f6b-b3f1-4ef4-ad24-a605f568e3ef,2024-02-16T17:59:53.058Z,,,Shipment Documents,2021,3
2372043,15cc23b6-2339-4c8f-8534-349d7273eb7c,88f52f6b-b3f1-4ef4-ad24-a605f568e3ef,2024-02-16T18:00:14.102Z,,,Hostage,2021,1
2139244,15d6f5e0-e22e-412a-9461-92e25679f85b,88f52f6b-b3f1-4ef4-ad24-a605f568e3ef,2024-02-16T17:59:53.147Z,,,Consumer Complaint(Deceptive Business Practices),2021,2
3006268,162b3f85-eb9e-40b0-8cf6-813312bac6e0,88f52f6b-b3f1-4ef4-ad24-a605f568e3ef,2024-02-16T18:00:13.949Z,,,Pickup and Delivery,2023,3
2258113,166636c3-33df-474d-a270-082f507656a1,88f52f6b-b3f1-4ef4-ad24-a605f568e3ef,2024-02-16T17:59:52.969Z,,,Pickup and Delivery,2022,2
2543958,183ca46c-168b-4727-9e97-a74796e585fa,88f52f6b-b3f1-4ef4-ad24-a605f568e3ef,2024-02-16T18:00:14.271Z,,,Pickup and Delivery,2022,3
3429180,18ae7d4d-14c8-43fb-9ed7-9132b990a66d,88f52f6b-b3f1-4ef4-ad24-a605f568e3ef,2024-02-16T17:59:53.013Z,,,Weighing,2022,1
1475638,1956ce4c-4fb7-448f-a7d1-161f1b7665cc,88f52f6b-b3f1-4ef4-ad24-a605f568e3ef,2024-02-16T18:00:14.231Z,,,Weighing,2021,1
2247863,195ed583-a796-41ae-8da8-45f5116e7b55,88f52f6b-b3f1-4ef4-ad24-a605f568e3ef,2024-02-16T18:00:14.301Z,,,Consumer Complaint(Deceptive Business Practices),2021,17
3698115,1982a5f4-72b4-4259-a14f-0d388902b195,88f52f6b-b3f1-4ef4-ad24-a605f568e3ef,2024-02-16T18:00:26.764Z,,,Pickup and Delivery,2022,2
2821065,1b28f3f2-594b-46e3-9dfe-a0badcffda22,88f52f6b-b3f1-4ef4-ad24-a605f568e3ef,2024-02-16T18:00:14.005Z,,,Consumer Complaint(Deceptive Business Practices),2022,7
1413859,1b890d07-2ca5-4460-877a-c800fabc1904,88f52f6b-b3f1-4ef4-ad24-a605f568e3ef,2024-02-16T17:59:53.114Z,,,Estimates/Final Charges,2022,1
3491781,1bb4bce2-f0ec-4587-a662-de6d7657f56b,88f52f6b-b3f1-4ef4-ad24-a605f568e3ef,2024-02-16T18:00:14.176Z,,,Weighing,2022,4
2924244,1d0c6ae8-f3e9-4881-af4d-c510930e2945,88f52f6b-b3f1-4ef4-ad24-a605f568e3ef,2024-02-16T18:00:14.134Z,,,Shipment Documents,2023,1
3307068,1f0b5405-dc64-439d-975d-3e6c14e75766,88f52f6b-b3f1-4ef4-ad24-a605f568e3ef,2024-02-16T18:00:14.700Z,,,Claim Settlement,2022,1
2372043,1f38f4c8-9680-4e7f-b5d9-e5603c5e8be0,88f52f6b-b3f1-4ef4-ad24-a605f568e3ef,2024-02-16T18:00:14.112Z,,,Consumer Complaint(Deceptive Business Practices),2021,4
3174328,1f84e13c-d7a3-4529-95b8-3941572130b1,88f52f6b-b3f1-4ef4-ad24-a605f568e3ef,2024-02-16T17:59:53.205Z,,,Claim Settlement,2023,1
3307068,1f932ace-e353-4f99-820f-b8d96be2b09e,88f52f6b-b3f1-4ef4-ad24-a605f568e3ef,2024-02-16T18:00:14.692Z,,,Hostage,2022,1
3712697,1fa092a3-6d29-424f-a9a7-2a4ba1b90049,88f52f6b-b3f1-4ef4-ad24-a605f568e3ef,2024-02-16T18:00:26.449Z,,,Loss and Damage,2022,6
1413859,20a3c32c-f5a7-4b65-adfc-99f6b1d8c5b2,88f52f6b-b3f1-4ef4-ad24-a605f568e3ef,2024-02-16T17:59:53.106Z,,,Operating Authority,2022,1
3712697,20c0b684-4354-46d4-8cf6-d69daa088a18,88f52f6b-b3f1-4ef4-ad24-a605f568e3ef,2024-02-16T18:00:26.439Z,,,Estimates/Final Charges,2022,8
3491781,22471348-943c-4fe1-9923-85332c3b0260,88f52f6b-b3f1-4ef4-ad24-a605f568e3ef,2024-02-16T18:00:14.181Z,,,Pickup and Delivery,2022,9
3698115,22ea9fae-251f-4d20-9329-5d127ac110ba,88f52f6b-b3f1-4ef4-ad24-a605f568e3ef,2024-02-16T18:00:26.759Z,,,Estimates/Final Charges,2022,2
3491781,2327e1e3-6a9d-4fdd-bfb0-8ae1c0b11241,88f52f6b-b3f1-4ef4-ad24-a605f568e3ef,2024-02-16T18:00:14.191Z,,,Consumer Complaint(Deceptive Business Practices),2022,3
3307068,236eb747-187b-40c5-b838-6fd2d1d0393b,88f52f6b-b3f1-4ef4-ad24-a605f568e3ef,2024-02-16T18:00:14.660Z,,,Estimates/Final Charges,2021,38
3859945,237eefc6-df54-41e7-a13a-8f632ead49e4,88f52f6b-b3f1-4ef4-ad24-a605f568e3ef,2024-02-16T17:59:53.003Z,,,Estimates/Final Charges,2023,1
2886867,238da18a-a5f1-4aa7-bbfb-10d38475f641,88f52f6b-b3f1-4ef4-ad24-a605f568e3ef,2024-02-16T18:00:14.372Z,,,Weighing,2022,2
2258113,23f8b4f5-86fe-484b-a078-0c828c9d798d,88f52f6b-b3f1-4ef4-ad24-a605f568e3ef,2024-02-16T17:59:52.959Z,,,Shipment Documents,2022,3
3307068,242fcfb3-f73f-4146-9302-33dd331a11b0,88f52f6b-b3f1-4ef4-ad24-a605f568e3ef,2024-02-16T18:00:14.694Z,,,Pickup and Delivery,2022,2
2247863,24ef3e59-c8fd-4918-8eda-2771d0e70bf8,88f52f6b-b3f1-4ef4-ad24-a605f568e3ef,2024-02-16T18:00:14.319Z,,,Consumer Complaint(Deceptive Business Practices),2022,8
3712697,299fbfc5-cce1-40d8-9119-688990852c38,88f52f6b-b3f1-4ef4-ad24-a605f568e3ef,2024-02-16T18:00:26.444Z,,,Hostage,2022,5
1664920,2abcf3d6-0f83-4457-927d-e04c64a722f7,88f52f6b-b3f1-4ef4-ad24-a605f568e3ef,2024-02-16T17:59:53.048Z,,,Consumer Complaint(Deceptive Business Practices),2023,1
2372043,2b07d135-893f-459a-81b8-f31d2ab0304f,88f52f6b-b3f1-4ef4-ad24-a605f568e3ef,2024-02-16T18:00:14.093Z,,,Shipment Documents,2021,5
2543958,2b21be24-e1d4-4f15-aeaa-2c2c4e05788c,88f52f6b-b3f1-4ef4-ad24-a605f568e3ef,2024-02-16T18:00:14.274Z,,,Loss and Damage,2022,8
2258113,2b40a958-08be-4e17-a579-6285ffdf065c,88f52f6b-b3f1-4ef4-ad24-a605f568e3ef,2024-02-16T17:59:52.947Z,,,Shipment Documents,2021,1
2886867,2b8cfac3-84fe-4bc3-9501-14d455f2a63b,88f52f6b-b3f1-4ef4-ad24-a605f568e3ef,2024-02-16T18:00:14.398Z,,,Consumer Complaint(Deceptive Business Practices),2023,3
2239995,2bf3c492-2614-417e-8d9e-da44999fd502,88f52f6b-b3f1-4ef4-ad24-a605f568e3ef,2024-02-16T18:00:14.467Z,,,Claim Settlement,2022,2
1151019,2d770999-7e19-4806-9481-50f00083bd2f,88f52f6b-b3f1-4ef4-ad24-a605f568e3ef,2024-02-16T18:00:14.649Z,,,Loss and Damage,2023,1
2821065,2e125cbb-ec93-4d89-bec2-74952f7ff54d,88f52f6b-b3f1-4ef4-ad24-a605f568e3ef,2024-02-16T18:00:13.964Z,,,Weighing,2021,3
3491781,2e2df0de-014f-4026-a07c-3ee4a0ae2f85,88f52f6b-b3f1-4ef4-ad24-a605f568e3ef,2024-02-16T18:00:14.186Z,,,Claim Settlement,2022,7
3500694,2e4f7c6a-b847-49cd-a564-4798bfc88c10,88f52f6b-b3f1-4ef4-ad24-a605f568e3ef,2024-02-16T17:59:52.984Z,,,Estimates/Final Charges,2021,1
2955542,2ee0d70f-fd02-4a02-951c-fef5f1e8840a,88f52f6b-b3f1-4ef4-ad24-a605f568e3ef,2024-02-16T17:59:53.087Z,,,Shipment Documents,2022,1
1413859,2ff43833-495c-48ff-a1c7-245737c3ee59,88f52f6b-b3f1-4ef4-ad24-a605f568e3ef,2024-02-16T17:59:53.111Z,,,Shipment Documents,2022,1
1151019,32841ad0-7d1f-4707-b632-218a5f76016b,88f52f6b-b3f1-4ef4-ad24-a605f568e3ef,2024-02-16T18:00:14.637Z,,,Consumer Complaint(Deceptive Business Practices),2022,4
3500694,32a27536-6ba3-4422-bd80-c2f324f9ef1e,88f52f6b-b3f1-4ef4-ad24-a605f568e3ef,2024-02-16T17:59:52.981Z,,,Shipment Documents,2021,1
3180335,32f56f3f-6806-430e-88d3-d7b60ad772be,88f52f6b-b3f1-4ef4-ad24-a605f568e3ef,2024-02-16T18:00:14.036Z,,,Claim Settlement,2023,2
1413859,332b4c2d-465a-4e0c-a223-eca1e5ba495f,88f52f6b-b3f1-4ef4-ad24-a605f568e3ef,2024-02-16T17:59:53.123Z,,,Loss and Damage,2022,1
3307068,3381ece5-e124-4d93-a36c-60d80288a904,88f52f6b-b3f1-4ef4-ad24-a605f568e3ef,2024-02-16T18:00:14.662Z,,,Weighing,2021,19
3165347,33a863ef-7c80-4d6c-93ec-33be2f89802f,88f52f6b-b3f1-4ef4-ad24-a605f568e3ef,2024-02-16T18:00:14.502Z,,,Loss and Damage,2023,2
3006268,33d43be4-ae0f-4977-a3b4-723209277aca,88f52f6b-b3f1-4ef4-ad24-a605f568e3ef,2024-02-16T18:00:13.928Z,,,Hostage,2022,2
2247863,33f0ef76-a04e-482e-b99e-1e7df5cf3132,88f52f6b-b3f1-4ef4-ad24-a605f568e3ef,2024-02-16T18:00:14.336Z,,,Loss and Damage,2023,2
3307068,352f1e7e-520a-42c4-a3f7-22738218d52c,88f52f6b-b3f1-4ef4-ad24-a605f568e3ef,2024-02-16T18:00:14.669Z,,,Loss and Damage,2021,15
2821065,35bc1caa-3088-4f3f-98f3-2c62e0425f39,88f52f6b-b3f1-4ef4-ad24-a605f568e3ef,2024-02-16T18:00:13.969Z,,,Pickup and Delivery,2021,7
2543958,35e9c9a3-88be-4a67-821d-9f10fd61c531,88f52f6b-b3f1-4ef4-ad24-a605f568e3ef,2024-02-16T18:00:14.264Z,,,Estimates/Final Charges,2022,4
2258113,368a6a1e-14de-4a5e-b7f4-6c8fd194c0eb,88f52f6b-b3f1-4ef4-ad24-a605f568e3ef,2024-02-16T17:59:52.974Z,,,Claim Settlement,2022,2
2886867,37218e20-5d14-44e4-8da7-20d99b0a1ecb,88f52f6b-b3f1-4ef4-ad24-a605f568e3ef,2024-02-16T18:00:14.379Z,,,Pickup and Delivery,2022,2
3698115,3768891b-20c9-42da-98f4-4d4494c988de,88f52f6b-b3f1-4ef4-ad24-a605f568e3ef,2024-02-16T18:00:26.777Z,,,Whistleblower Complaint,2023,1
3405773,379a17cf-90c0-4841-876d-a101497e88fc,88f52f6b-b3f1-4ef4-ad24-a605f568e3ef,2024-02-16T18:00:14.078Z,,,Loss and Damage,2022,1
1748105,385f9f0f-3fc7-4f8b-9d57-00e751d852f9,88f52f6b-b3f1-4ef4-ad24-a605f568e3ef,2024-02-16T18:00:14.213Z,,,Shipment Documents,2021,2
1748105,38721623-8246-4a37-9d31-265ea8de0c01,88f52f6b-b3f1-4ef4-ad24-a605f568e3ef,2024-02-16T18:00:14.218Z,,,Claim Settlement,2021,1
2239995,38b2734c-6333-4b9c-adde-c407294e7326,88f52f6b-b3f1-4ef4-ad24-a605f568e3ef,2024-02-16T18:00:14.450Z,,,Estimates/Final Charges,2022,5
3379742,38b63799-e424-44cf-8937-4c9dbc95d0e4,88f52f6b-b3f1-4ef4-ad24-a605f568e3ef,2024-02-16T18:00:14.572Z,,,Loss and Damage,2023,1
3491781,39a0e8aa-5ea7-445e-b168-003bfe7ddd55,88f52f6b-b3f1-4ef4-ad24-a605f568e3ef,2024-02-16T18:00:14.164Z,,,Claim Settlement,2021,7
3165347,39b2c476-e5d4-42a0-ad99-a8c710e10ef8,88f52f6b-b3f1-4ef4-ad24-a605f568e3ef,2024-02-16T18:00:14.492Z,,,Estimates/Final Charges,2023,1
3165347,39cf5b71-59a9-4eda-a05e-204a52a1dc91,88f52f6b-b3f1-4ef4-ad24-a605f568e3ef,2024-02-16T18:00:14.496Z,,,Pickup and Delivery,2023,1
3006268,3a35ae34-04d2-4a42-a9c5-16cb49b41261,88f52f6b-b3f1-4ef4-ad24-a605f568e3ef,2024-02-16T18:00:13.910Z,,,Pickup and Delivery,2021,1
2247863,3af05ffb-6ffd-46a9-87b1-cfa27738bf05,88f52f6b-b3f1-4ef4-ad24-a605f568e3ef,2024-02-16T18:00:14.307Z,,,Weighing,2022,1
2240657,3b75ed45-610c-4790-bbc1-2268c591fc1d,88f52f6b-b3f1-4ef4-ad24-a605f568e3ef,2024-02-16T17:59:53.162Z,,,Other Commercial Complaints,2023,1
2030210,3bf183da-1339-45a2-aa1b-5c81f2c5233e,88f52f6b-b3f1-4ef4-ad24-a605f568e3ef,2024-02-16T18:00:26.747Z,,,Pickup and Delivery,2021,3
1475638,3c1856ba-e6e3-4cad-8d7a-ce746ded666e,88f52f6b-b3f1-4ef4-ad24-a605f568e3ef,2024-02-16T18:00:14.228Z,,,Estimates/Final Charges,2021,1
3712697,3c8dd7d8-4f06-48de-82ef-dc4091b3ddc0,88f52f6b-b3f1-4ef4-ad24-a605f568e3ef,2024-02-16T18:00:26.659Z,,,Pickup and Delivery,2023,1
2247863,3de50fb2-927f-42de-9b6e-19d14d584d28,88f52f6b-b3f1-4ef4-ad24-a605f568e3ef,2024-02-16T18:00:14.312Z,,,Pickup and Delivery,2022,4
3405773,40029145-77bc-4a16-8c66-073d5237c6eb,88f52f6b-b3f1-4ef4-ad24-a605f568e3ef,2024-02-16T18:00:14.080Z,,,Consumer Complaint(Deceptive Business Practices),2022,2
3179208,4041df6f-764b-40e2-bfcd-0ecdf28f9f77,88f52f6b-b3f1-4ef4-ad24-a605f568e3ef,2024-02-16T17:59:52.939Z,,,Consumer Complaint(Deceptive Business Practices),2021,1
3712697,406b31fa-081e-4697-b322-ea6d69d41c1f,88f52f6b-b3f1-4ef4-ad24-a605f568e3ef,2024-02-16T18:00:26.451Z,,,Claim Settlement,2022,4
3712697,411fe751-1aca-4bac-9ecb-ef6124786087,88f52f6b-b3f1-4ef4-ad24-a605f568e3ef,2024-02-16T18:00:26.529Z,,,Shipment Documents,2023,2
3734350,420dbdd7-efb1-4a0a-b16b-c3be4aed7555,88f52f6b-b3f1-4ef4-ad24-a605f568e3ef,2024-02-16T17:59:53.156Z,,,Hostage,2022,1
2247863,4266c92d-9bb4-434f-952b-cd1962f42ca8,88f52f6b-b3f1-4ef4-ad24-a605f568e3ef,2024-02-16T18:00:14.333Z,,,Pickup and Delivery,2023,3
3379742,430d136c-4c4d-4c38-b3cc-4a1ef044e02d,88f52f6b-b3f1-4ef4-ad24-a605f568e3ef,2024-02-16T18:00:14.543Z,,,Other Commercial Complaints,2021,1
2821065,437523cb-a533-44c2-a0d8-d2df3eda1641,88f52f6b-b3f1-4ef4-ad24-a605f568e3ef,2024-02-16T18:00:13.973Z,,,Claim Settlement,2021,5
2372043,44b250c0-8a13-47a6-a4cb-e02b24eeeb14,88f52f6b-b3f1-4ef4-ad24-a605f568e3ef,2024-02-16T18:00:14.127Z,,,Loss and Damage,2022,5
3712697,4525835d-fc79-4119-ae6c-cbc0193fde0b,88f52f6b-b3f1-4ef4-ad24-a605f568e3ef,2024-02-16T18:00:26.429Z,,,Consumer Complaint(Deceptive Business Practices),2021,1
3006268,453f285b-3f19-4a60-9557-e594079ca12a,88f52f6b-b3f1-4ef4-ad24-a605f568e3ef,2024-02-16T18:00:13.903Z,,,Shipment Documents,2021,4
3859945,464fe8cc-5d6c-4cad-a2c8-057351827bee,88f52f6b-b3f1-4ef4-ad24-a605f568e3ef,2024-02-16T17:59:53.005Z,,,Loss and Damage,2023,1
2543958,46bf773f-c8dc-481c-b10a-1587c0b035b1,88f52f6b-b3f1-4ef4-ad24-a605f568e3ef,2024-02-16T18:00:14.252Z,,,Pickup and Delivery,2021,4
3379742,473759c1-2133-4ca7-86ac-76c7b9a99543,88f52f6b-b3f1-4ef4-ad24-a605f568e3ef,2024-02-16T18:00:14.577Z,,,Consumer Complaint(Deceptive Business Practices),2023,1
1748105,47a8a192-22a4-4a46-ba09-78c5d4d4a41a,88f52f6b-b3f1-4ef4-ad24-a605f568e3ef,2024-02-16T18:00:14.216Z,,,Loss and Damage,2021,2
3379742,48777a85-98ad-4eeb-8e91-14212b024d5d,88f52f6b-b3f1-4ef4-ad24-a605f568e3ef,2024-02-16T18:00:14.550Z,,,Estimates/Final Charges,2022,1
3491781,48fb3ed9-088e-4c69-b704-ce4c8b0e5ff2,88f52f6b-b3f1-4ef4-ad24-a605f568e3ef,2024-02-16T18:00:14.201Z,,,Hostage,2023,2
2239995,498e9d1d-2aa1-4f8e-9eb0-7d3769199dfb,88f52f6b-b3f1-4ef4-ad24-a605f568e3ef,2024-02-16T18:00:14.434Z,,,Consumer Complaint(Deceptive Business Practices),2021,2
2955542,4a2bb142-02ce-49c4-9688-b96b469481a4,88f52f6b-b3f1-4ef4-ad24-a605f568e3ef,2024-02-16T17:59:53.078Z,,,Loss and Damage,2021,2
3174328,4a609f39-9c5d-4d55-a676-4811d6389150,88f52f6b-b3f1-4ef4-ad24-a605f568e3ef,2024-02-16T17:59:53.184Z,,,Consumer Complaint(Deceptive Business Practices),2022,2
2372043,4c5a2940-bafa-4dd5-8a62-3ca570cd640f,88f52f6b-b3f1-4ef4-ad24-a605f568e3ef,2024-02-16T18:00:14.129Z,,,Claim Settlement,2022,2
3091833,4d141ef3-1a68-4f37-9eb1-585e684f7957,88f52f6b-b3f1-4ef4-ad24-a605f568e3ef,2024-02-16T18:00:14.596Z,,,Claim Settlement,2022,1
3712697,4e12423b-a2e0-4e1e-8914-38fdc5df2ea3,88f52f6b-b3f1-4ef4-ad24-a605f568e3ef,2024-02-16T18:00:26.464Z,,,Consumer Complaint(Deceptive Business Practices),2022,7
3593346,4e2a8c00-40be-41fe-b87b-2f92d2f101b1,88f52f6b-b3f1-4ef4-ad24-a605f568e3ef,2024-02-16T18:00:14.707Z,,,Consumer Complaint(Deceptive Business Practices),2023,1
3174328,4ef50f6d-ddb2-4930-b8dc-65ea507f5f14,88f52f6b-b3f1-4ef4-ad24-a605f568e3ef,2024-02-16T17:59:53.167Z,,,Shipment Documents,2022,2
2239995,4f398aef-a724-4be4-b964-244b19a9fe19,88f52f6b-b3f1-4ef4-ad24-a605f568e3ef,2024-02-16T18:00:14.456Z,,,Hostage,2022,2
3006268,4fd1ab6d-42dd-4fb2-82b8-e88971d255de,88f52f6b-b3f1-4ef4-ad24-a605f568e3ef,2024-02-16T18:00:13.923Z,,,Estimates/Final Charges,2022,4
2821065,4fe40649-d6e5-4a40-a64c-3b143a434123,88f52f6b-b3f1-4ef4-ad24-a605f568e3ef,2024-02-16T18:00:13.991Z,,,Hostage,2022,8
3505390,4ffe1723-a67e-4ab1-9bf1-0e878985b8cc,88f52f6b-b3f1-4ef4-ad24-a605f568e3ef,2024-02-16T18:00:26.733Z,,,Loss and Damage,2022,1
3091833,50e78e39-02a2-4ee4-8842-486cef8d9d40,88f52f6b-b3f1-4ef4-ad24-a605f568e3ef,2024-02-16T18:00:14.585Z,,,Weighing,2022,1
3376640,50e81436-70d1-4a1b-a58d-06e6882f29ca,88f52f6b-b3f1-4ef4-ad24-a605f568e3ef,2024-02-16T18:00:14.016Z,,,Loss and Damage,2023,1
3505390,50f2a291-7786-4fce-87c9-17099ccd6ab8,88f52f6b-b3f1-4ef4-ad24-a605f568e3ef,2024-02-16T18:00:26.669Z,,,Weighing,2021,1
2139244,50f5764e-f6d8-4697-878a-56313ceac218,88f52f6b-b3f1-4ef4-ad24-a605f568e3ef,2024-02-16T17:59:53.144Z,,,Claim Settlement,2021,1
2247863,512750df-e4ed-4aaa-84d4-380def615aab,88f52f6b-b3f1-4ef4-ad24-a605f568e3ef,2024-02-16T18:00:14.285Z,,,Estimates/Final Charges,2021,17
2821065,518c2d11-5bed-4383-aefc-fe3f8ec7a621,88f52f6b-b3f1-4ef4-ad24-a605f568e3ef,2024-02-16T18:00:13.976Z,,,Consumer Complaint(Deceptive Business Practices),2021,3
2239995,5341ed1d-36d0-4ef3-aed6-6d8da3dffbbb,88f52f6b-b3f1-4ef4-ad24-a605f568e3ef,2024-02-16T18:00:14.437Z,,,Operating Authority,2022,2
3180335,536048ca-ca5b-4c4c-9e7c-869a28c90fe2,88f52f6b-b3f1-4ef4-ad24-a605f568e3ef,2024-02-16T18:00:14.033Z,,,Loss and Damage,2023,1
3405773,537a4741-2afe-4c8c-8ce1-fe381ef18e25,88f52f6b-b3f1-4ef4-ad24-a605f568e3ef,2024-02-16T18:00:14.053Z,,,Hostage,2021,1
3379742,550c9507-f450-4724-b971-6e067268d2d2,88f52f6b-b3f1-4ef4-ad24-a605f568e3ef,2024-02-16T18:00:14.532Z,,,Hostage,2021,1
3006268,5570b0d4-10d6-44e6-b434-f3f8ee315366,88f52f6b-b3f1-4ef4-ad24-a605f568e3ef,2024-02-16T18:00:13.930Z,,,Pickup and Delivery,2022,2
3379742,5675e248-e9f2-4d10-b5f8-15daba5409d8,88f52f6b-b3f1-4ef4-ad24-a605f568e3ef,2024-02-16T18:00:14.524Z,,,Shipment Documents,2021,4
3091833,56ae9e82-5c2a-404b-ad91-ea6a169da6ef,88f52f6b-b3f1-4ef4-ad24-a605f568e3ef,2024-02-16T18:00:14.580Z,,,Insurance,2022,1
3379742,581cb0f9-acc9-419f-833b-e7d5d3369eec,88f52f6b-b3f1-4ef4-ad24-a605f568e3ef,2024-02-16T18:00:14.557Z,,,Operating Authority,2023,1
3405773,58a83135-b998-4a77-851a-13e4ba766c91,88f52f6b-b3f1-4ef4-ad24-a605f568e3ef,2024-02-16T18:00:14.045Z,,,Shipment Documents,2021,3
3174328,58cff66d-d810-4264-9595-7e417390c0f0,88f52f6b-b3f1-4ef4-ad24-a605f568e3ef,2024-02-16T17:59:53.181Z,,,Claim Settlement,2022,2
3405773,59244c44-9860-434f-b8ce-6ea696e72c58,88f52f6b-b3f1-4ef4-ad24-a605f568e3ef,2024-02-16T18:00:14.063Z,,,Consumer Complaint(Deceptive Business Practices),2021,3
1664920,5a0f27cf-1e85-46a2-a224-ba46dfbfcd1b,88f52f6b-b3f1-4ef4-ad24-a605f568e3ef,2024-02-16T17:59:53.033Z,,,Other Commercial Complaints,2022,1
3593346,5c8ab0b5-5427-4f8c-81a1-7be9e0c5e1ec,88f52f6b-b3f1-4ef4-ad24-a605f568e3ef,2024-02-16T18:00:14.705Z,,,Hostage,2023,1
1151019,5d12921a-0b06-4704-b083-c4f5203340e5,88f52f6b-b3f1-4ef4-ad24-a605f568e3ef,2024-02-16T18:00:14.625Z,,,Weighing,2022,1
3013492,5db2284c-4762-443a-9a59-0864afd49e88,88f52f6b-b3f1-4ef4-ad24-a605f568e3ef,2024-02-16T18:00:14.425Z,,,Consumer Complaint(Deceptive Business Practices),2023,2
3174328,5e45b1a2-dc22-4faa-ba7c-059f4c6a9fb2,88f52f6b-b3f1-4ef4-ad24-a605f568e3ef,2024-02-16T17:59:53.207Z,,,Consumer Complaint(Deceptive Business Practices),2023,1
2249592,5edca7c1-1dfa-4b42-b9c7-b3ee844d2f17,88f52f6b-b3f1-4ef4-ad24-a605f568e3ef,2024-02-16T18:00:14.516Z,,,Consumer Complaint(Deceptive Business Practices),2021,1
2372043,5f8fe7c8-7465-4ac9-b693-64ce2244572d,88f52f6b-b3f1-4ef4-ad24-a605f568e3ef,2024-02-16T18:00:14.097Z,,,Estimates/Final Charges,2021,7
3491781,6004a94d-e6ac-4c08-a719-fefedb5f87ca,88f52f6b-b3f1-4ef4-ad24-a605f568e3ef,2024-02-16T18:00:14.211Z,,,Consumer Complaint(Deceptive Business Practices),2023,4
2258113,6024ea0f-4765-4f5c-9d37-446b88b74b46,88f52f6b-b3f1-4ef4-ad24-a605f568e3ef,2024-02-16T17:59:52.951Z,,,Pickup and Delivery,2021,1
3006268,605d6fb7-ec8b-42bf-a7bb-8b5552e018de,88f52f6b-b3f1-4ef4-ad24-a605f568e3ef,2024-02-16T18:00:13.940Z,,,Consumer Complaint(Deceptive Business Practices),2022,2
1413859,62ab3605-52fe-4def-81dd-bd4c21153c9d,88f52f6b-b3f1-4ef4-ad24-a605f568e3ef,2024-02-16T17:59:53.119Z,,,Pickup and Delivery,2022,1
2240657,62b991b4-3e5a-40a7-9310-dae1bd1ca667,88f52f6b-b3f1-4ef4-ad24-a605f568e3ef,2024-02-16T17:59:53.164Z,,,Owner Operator - Leasing Violations,2023,1
2543958,637cfaed-6e28-4b7d-aeec-fee026080419,88f52f6b-b3f1-4ef4-ad24-a605f568e3ef,2024-02-16T18:00:14.238Z,,,Operating Authority,2021,1
3179208,6459870f-6ecf-4763-8d42-c3405804a542,88f52f6b-b3f1-4ef4-ad24-a605f568e3ef,2024-02-16T17:59:52.934Z,,,Loss and Damage,2021,1
3180335,64f50b9f-c912-4a92-83fd-9ad0de6dc2c8,88f52f6b-b3f1-4ef4-ad24-a605f568e3ef,2024-02-16T18:00:14.026Z,,,Estimates/Final Charges,2023,1
3712697,658b3f09-461f-4128-8680-b7c1b5fe006d,88f52f6b-b3f1-4ef4-ad24-a605f568e3ef,2024-02-16T18:00:26.446Z,,,Pickup and Delivery,2022,6
3006268,663a29b5-cb0c-4959-9d28-f482656711e5,88f52f6b-b3f1-4ef4-ad24-a605f568e3ef,2024-02-16T18:00:13.945Z,,,Estimates/Final Charges,2023,2
2258113,6681184a-cc1d-421e-bf42-806c83292819,88f52f6b-b3f1-4ef4-ad24-a605f568e3ef,2024-02-16T17:59:52.964Z,,,Weighing,2022,1
2247863,66d0b0ca-e889-472b-820c-a3203e824bd8,88f52f6b-b3f1-4ef4-ad24-a605f568e3ef,2024-02-16T18:00:14.330Z,,,Hostage,2023,2
3013492,66d8f05f-a0a1-42a6-9a9b-ab2889706137,88f52f6b-b3f1-4ef4-ad24-a605f568e3ef,2024-02-16T18:00:14.408Z,,,Hostage,2022,1
2030210,6768ab43-43fd-47ac-b9ba-7f76bdccaaa4,88f52f6b-b3f1-4ef4-ad24-a605f568e3ef,2024-02-16T18:00:26.741Z,,,Estimates/Final Charges,2021,1
3500694,67d71592-4def-403a-8e02-6d98a754e666,88f52f6b-b3f1-4ef4-ad24-a605f568e3ef,2024-02-16T17:59:52.986Z,,,Pickup and Delivery,2021,1
2030210,6843746f-4fb4-4fef-a33c-f1e432d3d922,88f52f6b-b3f1-4ef4-ad24-a605f568e3ef,2024-02-16T18:00:26.738Z,,,Shipment Documents,2021,2
3940800,68504305-3f28-4a2f-b9dc-4c9e2d8f0b0c,88f52f6b-b3f1-4ef4-ad24-a605f568e3ef,2024-02-16T18:00:26.785Z,,,Estimates/Final Charges,2023,4
2821065,6914196d-fcdb-4727-a275-f69c384583dc,88f52f6b-b3f1-4ef4-ad24-a605f568e3ef,2024-02-16T18:00:14.000Z,,,Loss and Damage,2022,4
3712697,696bf8d4-897c-4896-b704-4e6e163721e1,88f52f6b-b3f1-4ef4-ad24-a605f568e3ef,2024-02-16T18:00:26.434Z,,,Insurance,2022,1
3379742,6972b2ed-14d9-4bcf-852d-d0908a06649f,88f52f6b-b3f1-4ef4-ad24-a605f568e3ef,2024-02-16T18:00:14.560Z,,,Shipment Documents,2023,1
1151019,69919b19-a065-4e9e-acef-3057d6e40296,88f52f6b-b3f1-4ef4-ad24-a605f568e3ef,2024-02-16T18:00:14.616Z,,,Claim Settlement,2021,3
2258113,6a55b33c-d4d3-4de3-ae69-5dd46cd805b0,88f52f6b-b3f1-4ef4-ad24-a605f568e3ef,2024-02-16T17:59:52.971Z,,,Loss and Damage,2022,3
2247863,6a906034-d987-4af2-853e-bff3e30436f2,88f52f6b-b3f1-4ef4-ad24-a605f568e3ef,2024-02-16T18:00:14.326Z,,,Estimates/Final Charges,2023,1
3491781,6ad3657b-961c-4e8f-906c-30e428d3d535,88f52f6b-b3f1-4ef4-ad24-a605f568e3ef,2024-02-16T18:00:14.161Z,,,Loss and Damage,2021,8
1151019,6af0375a-55ce-4f8f-baa4-25242790dd83,88f52f6b-b3f1-4ef4-ad24-a605f568e3ef,2024-02-16T18:00:14.642Z,,,Estimates/Final Charges,2023,1
2038052,6b002a97-dffb-4e88-822e-206d297b4a34,88f52f6b-b3f1-4ef4-ad24-a605f568e3ef,2024-02-16T17:59:52.994Z,,,Estimates/Final Charges,2021,1
3307068,6b55b94f-608e-46cf-92f8-ce6ecdd18f4d,88f52f6b-b3f1-4ef4-ad24-a605f568e3ef,2024-02-16T18:00:14.676Z,,,Consumer Complaint(Deceptive Business Practices),2021,46
2372043,6b7ae47a-dd5e-4400-9a4b-466873299c67,88f52f6b-b3f1-4ef4-ad24-a605f568e3ef,2024-02-16T18:00:14.110Z,,,Claim Settlement,2021,5
3006268,6bec405c-5800-4cb6-8e35-51d61b339bcb,88f52f6b-b3f1-4ef4-ad24-a605f568e3ef,2024-02-16T18:00:13.937Z,,,Other Commercial Complaints,2022,1
3006268,6c143908-6986-419a-a6d8-0b723f7b0b7d,88f52f6b-b3f1-4ef4-ad24-a605f568e3ef,2024-02-16T18:00:13.915Z,,,Claim Settlement,2021,2
1413859,6c64c87e-1fb4-414c-b6e2-0a19281feb18,88f52f6b-b3f1-4ef4-ad24-a605f568e3ef,2024-02-16T17:59:53.125Z,,,Claim Settlement,2022,1
3712697,6d2e09f7-3927-4017-94c3-2322e13bad8e,88f52f6b-b3f1-4ef4-ad24-a605f568e3ef,2024-02-16T18:00:26.424Z,,,Pickup and Delivery,2021,1
2955542,6e81845c-5071-4a5c-913b-b7ff829576ef,88f52f6b-b3f1-4ef4-ad24-a605f568e3ef,2024-02-16T17:59:53.101Z,,,Claim Settlement,2022,1
3712697,6ecaf0ee-2f57-4a54-b763-c6139dec6ba4,88f52f6b-b3f1-4ef4-ad24-a605f568e3ef,2024-02-16T18:00:26.441Z,,,Weighing,2022,3
2918300,6f83e344-9a8e-4426-97ec-613ad8b23af4,88f52f6b-b3f1-4ef4-ad24-a605f568e3ef,2024-02-16T18:00:14.088Z,,,Hostage,2022,1
1151019,7113db17-6ab1-47c5-89ac-882a5765af03,88f52f6b-b3f1-4ef4-ad24-a605f568e3ef,2024-02-16T18:00:14.628Z,,,Hostage,2022,1
2372043,750dbf26-4b1e-43a5-9107-ee1943a24f96,88f52f6b-b3f1-4ef4-ad24-a605f568e3ef,2024-02-16T18:00:14.104Z,,,Pickup and Delivery,2021,3
3505390,76d95e73-e258-470b-9230-93e181cd8a76,88f52f6b-b3f1-4ef4-ad24-a605f568e3ef,2024-02-16T18:00:26.664Z,,,Shipment Documents,2021,2
3379742,774af3e3-c4b2-4185-9ec0-95c89ff9030a,88f52f6b-b3f1-4ef4-ad24-a605f568e3ef,2024-02-16T18:00:14.562Z,,,Estimates/Final Charges,2023,1
2247863,77d1c256-fc0c-482a-97ac-1c46e7d14842,88f52f6b-b3f1-4ef4-ad24-a605f568e3ef,2024-02-16T18:00:14.305Z,,,Estimates/Final Charges,2022,7
2886867,78ae57bb-bb4f-4185-a147-3d7c6428601d,88f52f6b-b3f1-4ef4-ad24-a605f568e3ef,2024-02-16T18:00:14.375Z,,,Hostage,2022,2
1664920,78cb7878-83bb-4fe0-a6a5-fbe7ca6847ac,88f52f6b-b3f1-4ef4-ad24-a605f568e3ef,2024-02-16T17:59:53.020Z,,,Estimates/Final Charges,2022,2
3734350,79296400-86f3-4d03-9cd7-6c0432a5a6ff,88f52f6b-b3f1-4ef4-ad24-a605f568e3ef,2024-02-16T17:59:53.154Z,,,Estimates/Final Charges,2022,1
3491781,7b3d0138-12a9-4ca5-9387-e762a0acb2da,88f52f6b-b3f1-4ef4-ad24-a605f568e3ef,2024-02-16T18:00:14.149Z,,,Shipment Documents,2021,9
1151019,7bb45994-077e-40ad-ba62-417db8be2e9a,88f52f6b-b3f1-4ef4-ad24-a605f568e3ef,2024-02-16T18:00:14.623Z,,,Estimates/Final Charges,2022,5
2886867,7bec2176-643c-4607-91d9-93d496ea139b,88f52f6b-b3f1-4ef4-ad24-a605f568e3ef,2024-02-16T18:00:14.391Z,,,Estimates/Final Charges,2023,1
3376640,7c0ee10b-4e12-4c2e-aa87-68e473de4318,88f52f6b-b3f1-4ef4-ad24-a605f568e3ef,2024-02-16T18:00:14.008Z,,,Shipment Documents,2023,1
8257,7c51636f-103a-4be4-91b3-669c4b4fc8b2,88f52f6b-b3f1-4ef4-ad24-a605f568e3ef,2024-02-16T18:00:26.417Z,,,Consumer Complaint(Deceptive Business Practices),2023,1
3491781,7c9ce46f-2e79-4c5c-83f0-0a940a3ee6f5,88f52f6b-b3f1-4ef4-ad24-a605f568e3ef,2024-02-16T18:00:14.154Z,,,Weighing,2021,7
1748105,7d042082-eccd-4356-afec-ff79a046358d,88f52f6b-b3f1-4ef4-ad24-a605f568e3ef,2024-02-16T18:00:14.221Z,,,Consumer Complaint(Deceptive Business Practices),2021,1
3307068,7d0b5d27-0b15-4ac4-9cdc-06ad66a46405,88f52f6b-b3f1-4ef4-ad24-a605f568e3ef,2024-02-16T18:00:14.672Z,,,Claim Settlement,2021,17
2543958,7d3a4885-8564-4a9b-83dd-196109d80877,88f52f6b-b3f1-4ef4-ad24-a605f568e3ef,2024-02-16T18:00:14.262Z,,,Shipment Documents,2022,6
2247863,7d6b5dff-189f-466f-b703-7ba0962ceb2c,88f52f6b-b3f1-4ef4-ad24-a605f568e3ef,2024-02-16T18:00:14.293Z,,,Pickup and Delivery,2021,16
3180335,7da91224-fb42-43a0-9710-f367e760eccb,88f52f6b-b3f1-4ef4-ad24-a605f568e3ef,2024-02-16T18:00:14.030Z,,,Pickup and Delivery,2023,1
2139244,7e840dfb-de9b-4847-8870-78330cfc171c,88f52f6b-b3f1-4ef4-ad24-a605f568e3ef,2024-02-16T17:59:53.140Z,,,Hostage,2021,1
2247863,7e97921f-2342-4114-8368-11e51e4e0272,88f52f6b-b3f1-4ef4-ad24-a605f568e3ef,2024-02-16T18:00:14.295Z,,,Loss and Damage,2021,7
3174328,7e9a09ab-3964-451e-be01-6c1048885a0a,88f52f6b-b3f1-4ef4-ad24-a605f568e3ef,2024-02-16T17:59:53.199Z,,,Pickup and Delivery,2023,1
3013492,812f10e2-08b2-4d4c-b38b-f6f5459c0b90,88f52f6b-b3f1-4ef4-ad24-a605f568e3ef,2024-02-16T18:00:14.413Z,,,Claim Settlement,2022,2
3491781,81ea4cf7-bdea-401a-b548-3efa941e4868,88f52f6b-b3f1-4ef4-ad24-a605f568e3ef,2024-02-16T18:00:14.159Z,,,Pickup and Delivery,2021,3
3379742,81f6c272-2313-4b8e-84ab-be3141fa8724,88f52f6b-b3f1-4ef4-ad24-a605f568e3ef,2024-02-16T18:00:14.535Z,,,Pickup and Delivery,2021,5
3376640,822f6ac3-b79e-449a-a985-ccb2d2c9c926,88f52f6b-b3f1-4ef4-ad24-a605f568e3ef,2024-02-16T18:00:14.019Z,,,Claim Settlement,2023,1
3491781,822fef45-8431-4ca8-9f13-da3e074e8e55,88f52f6b-b3f1-4ef4-ad24-a605f568e3ef,2024-02-16T18:00:14.157Z,,,Hostage,2021,5
2372043,844a6344-3f30-4e8b-affc-0732dadf11a7,88f52f6b-b3f1-4ef4-ad24-a605f568e3ef,2024-02-16T18:00:14.132Z,,,Consumer Complaint(Deceptive Business Practices),2022,6
3787819,847970ac-dedd-423b-b689-0bba829b68e7,88f52f6b-b3f1-4ef4-ad24-a605f568e3ef,2024-02-16T18:00:26.662Z,,,Claim Settlement,2023,1
3013492,84d428a6-4291-42e0-a679-6a8b7f0c9994,88f52f6b-b3f1-4ef4-ad24-a605f568e3ef,2024-02-16T18:00:14.411Z,,,Pickup and Delivery,2022,1
2247863,84f17c4b-20d4-4610-90a3-496e9e888b50,88f52f6b-b3f1-4ef4-ad24-a605f568e3ef,2024-02-16T18:00:14.288Z,,,Weighing,2021,9
2139244,85387d67-b33b-4c72-b555-59846b88cc28,88f52f6b-b3f1-4ef4-ad24-a605f568e3ef,2024-02-16T17:59:53.149Z,,,Loss and Damage,2022,1
2821065,85588ccf-bca6-4fb3-95e4-645da190eaf6,88f52f6b-b3f1-4ef4-ad24-a605f568e3ef,2024-02-16T18:00:13.982Z,,,Shipment Documents,2022,5
3180335,85e8c97f-1488-45b1-b51c-29857a252574,88f52f6b-b3f1-4ef4-ad24-a605f568e3ef,2024-02-16T18:00:14.028Z,,,Hostage,2023,1
2247863,864b6a9e-40dc-401f-9a86-ebe22059424b,88f52f6b-b3f1-4ef4-ad24-a605f568e3ef,2024-02-16T18:00:14.299Z,,,Claim Settlement,2021,7
3006268,86f4d42c-8c08-48e6-bc2e-2cf5de85d02b,88f52f6b-b3f1-4ef4-ad24-a605f568e3ef,2024-02-16T18:00:13.955Z,,,Claim Settlement,2023,1
3491781,87523891-8920-464d-8613-506c0da422d1,88f52f6b-b3f1-4ef4-ad24-a605f568e3ef,2024-02-16T18:00:14.173Z,,,Estimates/Final Charges,2022,6
1151019,875564c3-691f-407c-9397-bb1afd96eb56,88f52f6b-b3f1-4ef4-ad24-a605f568e3ef,2024-02-16T18:00:14.639Z,,,Shipment Documents,2023,1
3491781,87686c1f-c558-4609-bdc0-a9bd3f01a149,88f52f6b-b3f1-4ef4-ad24-a605f568e3ef,2024-02-16T18:00:14.194Z,,,Shipment Documents,2023,5
2372043,87979f66-ceb2-4cf8-8acd-bac274b8248e,88f52f6b-b3f1-4ef4-ad24-a605f568e3ef,2024-02-16T18:00:14.118Z,,,Shipment Documents,2022,4
1664920,87d62fc0-310b-4e2c-a629-8d57686d15dc,88f52f6b-b3f1-4ef4-ad24-a605f568e3ef,2024-02-16T17:59:53.036Z,,,Consumer Complaint(Deceptive Business Practices),2022,1
3505390,88003cdc-8ef9-441e-8e49-853629fee135,88f52f6b-b3f1-4ef4-ad24-a605f568e3ef,2024-02-16T18:00:26.666Z,,,Estimates/Final Charges,2021,2
3734350,884baf7b-cba8-4463-b98c-196f06aae401,88f52f6b-b3f1-4ef4-ad24-a605f568e3ef,2024-02-16T17:59:53.160Z,,,Consumer Complaint(Deceptive Business Practices),2022,1
3491781,88883b56-8b12-4de6-bc55-3b01e5530b15,88f52f6b-b3f1-4ef4-ad24-a605f568e3ef,2024-02-16T18:00:14.166Z,,,Consumer Complaint(Deceptive Business Practices),2021,4
2886867,89224b14-433b-442d-83bd-297429bddccc,88f52f6b-b3f1-4ef4-ad24-a605f568e3ef,2024-02-16T18:00:14.356Z,,,Loss and Damage,2021,6
3179208,892afff8-9004-4cdc-bec4-f9a9538655c1,88f52f6b-b3f1-4ef4-ad24-a605f568e3ef,2024-02-16T17:59:52.937Z,,,Claim Settlement,2021,1
3174328,8ac6d0d7-f0be-47a4-9bea-2a74d65a842f,88f52f6b-b3f1-4ef4-ad24-a605f568e3ef,2024-02-16T17:59:53.188Z,,,Insurance,2023,1
3179208,8b5d5c8e-e0ea-4199-9232-03762f5ac6b0,88f52f6b-b3f1-4ef4-ad24-a605f568e3ef,2024-02-16T17:59:52.942Z,,,Loss and Damage,2022,1
3405773,8cf93c76-ddeb-4afa-9285-50865cb2b9c6,88f52f6b-b3f1-4ef4-ad24-a605f568e3ef,2024-02-16T18:00:14.068Z,,,Estimates/Final Charges,2022,1
1748105,8d0a8cbc-5953-4cba-a70a-87b6e8c6d689,88f52f6b-b3f1-4ef4-ad24-a605f568e3ef,2024-02-16T18:00:14.223Z,,,Loss and Damage,2022,1
2247863,8d0d510b-dcc3-4df0-aa8b-db268708fcbe,88f52f6b-b3f1-4ef4-ad24-a605f568e3ef,2024-02-16T18:00:14.341Z,,,Consumer Complaint(Deceptive Business Practices),2023,1
2886867,8dfb656c-6710-4c4a-94b4-a5effd897ffb,88f52f6b-b3f1-4ef4-ad24-a605f568e3ef,2024-02-16T18:00:14.388Z,,,Shipment Documents,2023,1
3405773,8e357c94-2563-4c99-ac4e-638ef17ea7a3,88f52f6b-b3f1-4ef4-ad24-a605f568e3ef,2024-02-16T18:00:14.055Z,,,Pickup and Delivery,2021,2
2239995,8e6c14eb-1a68-4851-8d17-41f3f12632b4,88f52f6b-b3f1-4ef4-ad24-a605f568e3ef,2024-02-16T18:00:14.441Z,,,Insurance,2022,1
2239995,90854798-d079-46af-abb4-8b2693db4a07,88f52f6b-b3f1-4ef4-ad24-a605f568e3ef,2024-02-16T18:00:14.479Z,,,Claim Settlement,2023,1
2886867,9169b471-6645-4847-8109-e5cb0ff419a8,88f52f6b-b3f1-4ef4-ad24-a605f568e3ef,2024-02-16T18:00:14.386Z,,,Consumer Complaint(Deceptive Business Practices),2022,3
1151019,91ac9327-21d6-4f15-b056-b747b72d4a94,88f52f6b-b3f1-4ef4-ad24-a605f568e3ef,2024-02-16T18:00:14.632Z,,,Loss and Damage,2022,1
3180335,91bcd1ca-9987-406c-acaa-c59b0830aa78,88f52f6b-b3f1-4ef4-ad24-a605f568e3ef,2024-02-16T18:00:14.023Z,,,Shipment Documents,2023,1
3006268,928994a8-0793-470c-a0af-e3fb8ff5368f,88f52f6b-b3f1-4ef4-ad24-a605f568e3ef,2024-02-16T18:00:13.921Z,,,Shipment Documents,2022,2
2249592,930b7b63-1bdb-48f1-80a1-7b394e271680,88f52f6b-b3f1-4ef4-ad24-a605f568e3ef,2024-02-16T18:00:14.511Z,,,Pickup and Delivery,2021,1
1151019,94812349-4bac-49f1-86e8-b6e99f4d9e30,88f52f6b-b3f1-4ef4-ad24-a605f568e3ef,2024-02-16T18:00:14.605Z,,,Weighing,2021,3
2247863,95b20922-16e8-4e54-95fb-a3c9936bab0d,88f52f6b-b3f1-4ef4-ad24-a605f568e3ef,2024-02-16T18:00:14.321Z,,,Operating Authority,2023,1
2886867,973fb106-1edc-469f-867f-95ad5ef6f27a,88f52f6b-b3f1-4ef4-ad24-a605f568e3ef,2024-02-16T18:00:14.349Z,,,Weighing,2021,6
3379742,97e090d1-f3dc-444b-9c74-5c1b9a1c5964,88f52f6b-b3f1-4ef4-ad24-a605f568e3ef,2024-02-16T18:00:14.540Z,,,Claim Settlement,2021,3
3698115,9839abb8-a8e2-4a5e-b668-94edab4dbc1e,88f52f6b-b3f1-4ef4-ad24-a605f568e3ef,2024-02-16T18:00:26.769Z,,,Claim Settlement,2022,1
3491781,99e80ca8-fe25-4cc3-8a83-34c04a923cad,88f52f6b-b3f1-4ef4-ad24-a605f568e3ef,2024-02-16T18:00:14.204Z,,,Pickup and Delivery,2023,4
3307068,9a1d1567-ec1e-43c7-82c6-7dc24c8509f5,88f52f6b-b3f1-4ef4-ad24-a605f568e3ef,2024-02-16T18:00:14.686Z,,,Estimates/Final Charges,2022,1
3307068,9af70b1c-dbe4-4415-bba0-1121fd33aef9,88f52f6b-b3f1-4ef4-ad24-a605f568e3ef,2024-02-16T18:00:14.674Z,,,Other Commercial Complaints,2021,1
3698115,9b874e74-13f3-4b73-97f0-e7825bfbd3b8,88f52f6b-b3f1-4ef4-ad24-a605f568e3ef,2024-02-16T18:00:26.767Z,,,Loss and Damage,2022,2
3491781,9ef8f461-863a-492f-9e10-ad616a5fa72d,88f52f6b-b3f1-4ef4-ad24-a605f568e3ef,2024-02-16T18:00:14.152Z,,,Estimates/Final Charges,2021,11
1151019,9f0e5bd7-2df4-439b-bd11-7257f165738c,88f52f6b-b3f1-4ef4-ad24-a605f568e3ef,2024-02-16T18:00:14.608Z,,,Hostage,2021,1
2821065,9fb6a322-5aa6-4136-ad8e-d9f9f6f82f63,88f52f6b-b3f1-4ef4-ad24-a605f568e3ef,2024-02-16T18:00:13.960Z,,,Shipment Documents,2021,6
2955542,9fedce3d-c11b-4eae-9517-675e2ffbc9c1,88f52f6b-b3f1-4ef4-ad24-a605f568e3ef,2024-02-16T17:59:53.082Z,,,Claim Settlement,2021,2
2543958,a0f92f6d-996f-45fd-a929-6c723e4d54ef,88f52f6b-b3f1-4ef4-ad24-a605f568e3ef,2024-02-16T18:00:14.269Z,,,Hostage,2022,3
3491781,a19275a0-e6c7-4fcb-b1b0-4f69f3f75fd7,88f52f6b-b3f1-4ef4-ad24-a605f568e3ef,2024-02-16T18:00:14.196Z,,,Estimates/Final Charges,2023,4
2886867,a1a7295e-55e3-47cd-b200-0242c0de1141,88f52f6b-b3f1-4ef4-ad24-a605f568e3ef,2024-02-16T18:00:14.351Z,,,Hostage,2021,5
3174328,a24a0f9b-8e74-44b1-be9c-0909af443821,88f52f6b-b3f1-4ef4-ad24-a605f568e3ef,2024-02-16T17:59:53.174Z,,,Hostage,2022,3
3491781,a38c56d4-3d28-463e-8d38-c4b369f4bed4,88f52f6b-b3f1-4ef4-ad24-a605f568e3ef,2024-02-16T18:00:14.171Z,,,Shipment Documents,2022,5
3174328,a3a3d586-1331-43d2-9ccd-c9d33eee86ad,88f52f6b-b3f1-4ef4-ad24-a605f568e3ef,2024-02-16T17:59:53.186Z,,,Operating Authority,2023,1
2247863,a4ca894e-c661-4755-9a2f-d07238b80b73,88f52f6b-b3f1-4ef4-ad24-a605f568e3ef,2024-02-16T18:00:14.310Z,,,Hostage,2022,7
2918300,a550133c-f184-4338-9718-a920522a4de3,88f52f6b-b3f1-4ef4-ad24-a605f568e3ef,2024-02-16T18:00:14.085Z,,,Estimates/Final Charges,2022,1
2924244,a79c7aa3-18cd-418d-9aac-a89de786706c,88f52f6b-b3f1-4ef4-ad24-a605f568e3ef,2024-02-16T18:00:14.136Z,,,Estimates/Final Charges,2023,1
3379742,a87ec69a-8845-4e1c-a327-3f5a9b45a721,88f52f6b-b3f1-4ef4-ad24-a605f568e3ef,2024-02-16T18:00:14.527Z,,,Estimates/Final Charges,2021,4
3174328,a949f215-bcdc-44c3-a537-ace049007014,88f52f6b-b3f1-4ef4-ad24-a605f568e3ef,2024-02-16T17:59:53.191Z,,,Shipment Documents,2023,1
1664920,aac7f558-9a06-4324-8efd-3af69ea5919a,88f52f6b-b3f1-4ef4-ad24-a605f568e3ef,2024-02-16T17:59:53.018Z,,,Shipment Documents,2022,1
3174328,ab6a4f69-3d5a-4e2a-b085-0ad21061c6a2,88f52f6b-b3f1-4ef4-ad24-a605f568e3ef,2024-02-16T17:59:53.179Z,,,Loss and Damage,2022,1
3006268,ab8b5523-0233-40ca-adf3-843efb7efb76,88f52f6b-b3f1-4ef4-ad24-a605f568e3ef,2024-02-16T18:00:13.906Z,,,Estimates/Final Charges,2021,2
2543958,ab8dbfd3-450f-46ce-a09c-5da49639a106,88f52f6b-b3f1-4ef4-ad24-a605f568e3ef,2024-02-16T18:00:14.259Z,,,Consumer Complaint(Deceptive Business Practices),2021,3
1151019,ab92bc4e-6318-4b37-a2ae-e97f91568d58,88f52f6b-b3f1-4ef4-ad24-a605f568e3ef,2024-02-16T18:00:14.647Z,,,Pickup and Delivery,2023,1
2821065,ab9e5ebf-30e9-494c-9c8b-e42d7196a25b,88f52f6b-b3f1-4ef4-ad24-a605f568e3ef,2024-02-16T18:00:13.985Z,,,Estimates/Final Charges,2022,7
2247863,ac8b0f98-7a20-49a9-8d1b-741560e2dbfb,88f52f6b-b3f1-4ef4-ad24-a605f568e3ef,2024-02-16T18:00:14.314Z,,,Loss and Damage,2022,4
2543958,ac9fd4fb-3e3c-4870-a1d1-f3329db2f351,88f52f6b-b3f1-4ef4-ad24-a605f568e3ef,2024-02-16T18:00:14.245Z,,,Estimates/Final Charges,2021,7
3307068,acf9a9bd-401e-4241-8931-644955b23d9c,88f52f6b-b3f1-4ef4-ad24-a605f568e3ef,2024-02-16T18:00:14.667Z,,,Pickup and Delivery,2021,41
3859945,ad932746-10e0-4d22-8d3f-a61dad4cad7a,88f52f6b-b3f1-4ef4-ad24-a605f568e3ef,2024-02-16T17:59:53.000Z,,,Shipment Documents,2023,1
1151019,adc0f97a-6e2f-41c5-af73-c458b2f241c7,88f52f6b-b3f1-4ef4-ad24-a605f568e3ef,2024-02-16T18:00:14.618Z,,,Consumer Complaint(Deceptive Business Practices),2021,4
3712697,ae29311e-94c9-4604-900e-6bbf08881cdd,88f52f6b-b3f1-4ef4-ad24-a605f568e3ef,2024-02-16T18:00:26.436Z,,,Shipment Documents,2022,7
3491781,af7c74d0-b8f3-4f78-8ed0-9815b82e35ad,88f52f6b-b3f1-4ef4-ad24-a605f568e3ef,2024-02-16T18:00:14.209Z,,,Claim Settlement,2023,3
2543958,afe27888-8ef8-4a58-9dc8-a0536bd3d43b,88f52f6b-b3f1-4ef4-ad24-a605f568e3ef,2024-02-16T18:00:14.276Z,,,Claim Settlement,2022,7
3006268,b08d9a5e-5287-495c-a95c-bcd89826bdb5,88f52f6b-b3f1-4ef4-ad24-a605f568e3ef,2024-02-16T18:00:13.918Z,,,Consumer Complaint(Deceptive Business Practices),2021,2
1151019,b0e52a1f-f81d-457b-bffe-b6c7841ce41e,88f52f6b-b3f1-4ef4-ad24-a605f568e3ef,2024-02-16T18:00:14.603Z,,,Estimates/Final Charges,2021,8
1664920,b134dfdd-206e-4edd-b1d6-1c9923d442bb,88f52f6b-b3f1-4ef4-ad24-a605f568e3ef,2024-02-16T17:59:53.041Z,,,Estimates/Final Charges,2023,2
3376640,b13a7aae-63fc-4ba0-9de7-58a6ee0c1aab,88f52f6b-b3f1-4ef4-ad24-a605f568e3ef,2024-02-16T18:00:14.014Z,,,Pickup and Delivery,2023,1
3505390,b1897abd-b234-44f3-9469-dd715967b294,88f52f6b-b3f1-4ef4-ad24-a605f568e3ef,2024-02-16T18:00:26.676Z,,,Claim Settlement,2021,1
2886867,b28a2b04-cf91-477f-8891-0e44e1cbdcfd,88f52f6b-b3f1-4ef4-ad24-a605f568e3ef,2024-02-16T18:00:14.382Z,,,Loss and Damage,2022,1
2955542,b28e2e14-ef53-41b4-8741-635107295381,88f52f6b-b3f1-4ef4-ad24-a605f568e3ef,2024-02-16T17:59:53.104Z,,,Consumer Complaint(Deceptive Business Practices),2022,1
3006268,b337e7a2-e1ee-426d-b0ce-66398c7e1a18,88f52f6b-b3f1-4ef4-ad24-a605f568e3ef,2024-02-16T18:00:13.957Z,,,Consumer Complaint(Deceptive Business Practices),2023,1
3698115,b34687d1-c889-410d-bc1b-4c129a012e91,88f52f6b-b3f1-4ef4-ad24-a605f568e3ef,2024-02-16T18:00:26.772Z,,,Consumer Complaint(Deceptive Business Practices),2022,2
2955542,b3a10098-8f39-44e6-81f6-4501dd03b3ca,88f52f6b-b3f1-4ef4-ad24-a605f568e3ef,2024-02-16T17:59:53.085Z,,,Consumer Complaint(Deceptive Business Practices),2021,1
3379742,b47014dc-1e69-4d0e-8de6-b1e06388bfd9,88f52f6b-b3f1-4ef4-ad24-a605f568e3ef,2024-02-16T18:00:14.529Z,,,Weighing,2021,2
8257,b49ac46e-db07-440e-9e46-9321b939c99e,88f52f6b-b3f1-4ef4-ad24-a605f568e3ef,2024-02-16T18:00:26.413Z,,,Hostage,2023,1
3405773,b4b69084-8ff2-4582-b156-e7857dd41baa,88f52f6b-b3f1-4ef4-ad24-a605f568e3ef,2024-02-16T18:00:14.070Z,,,Weighing,2022,1
3180335,b5742234-9398-4113-8458-b6d4934d67eb,88f52f6b-b3f1-4ef4-ad24-a605f568e3ef,2024-02-16T18:00:14.040Z,,,Consumer Complaint(Deceptive Business Practices),2023,2
3940800,b5f197d7-8458-4afa-85fc-c3eb5037299b,88f52f6b-b3f1-4ef4-ad24-a605f568e3ef,2024-02-16T18:00:26.795Z,,,Loss and Damage,2023,1
3091833,b64cc812-03b8-4812-b810-7fe8af3de412,88f52f6b-b3f1-4ef4-ad24-a605f568e3ef,2024-02-16T18:00:14.593Z,,,Loss and Damage,2022,2
3013492,b651ab2d-fe29-4b5e-8133-c587a532cdbd,88f52f6b-b3f1-4ef4-ad24-a605f568e3ef,2024-02-16T18:00:14.400Z,,,Shipment Documents,2022,2
2821065,b71b64d8-1f70-4306-a62e-5c6d47f90085,88f52f6b-b3f1-4ef4-ad24-a605f568e3ef,2024-02-16T18:00:13.989Z,,,Weighing,2022,3
3379742,b72e6135-ac35-4115-bd21-e04fa799aa3e,88f52f6b-b3f1-4ef4-ad24-a605f568e3ef,2024-02-16T18:00:14.565Z,,,Weighing,2023,1
3379742,b76044ca-c8e2-42cc-87bd-ae3bd6ee45fd,88f52f6b-b3f1-4ef4-ad24-a605f568e3ef,2024-02-16T18:00:14.548Z,,,Shipment Documents,2022,1
3491781,b7c537da-fc82-452f-87f9-48755fde1873,88f52f6b-b3f1-4ef4-ad24-a605f568e3ef,2024-02-16T18:00:14.183Z,,,Loss and Damage,2022,8
2886867,b83501c5-eddb-4737-8742-8f67017d23c4,88f52f6b-b3f1-4ef4-ad24-a605f568e3ef,2024-02-16T18:00:14.354Z,,,Pickup and Delivery,2021,10
3505390,b93d5977-0ca8-47e2-9019-31f5b361d0ac,88f52f6b-b3f1-4ef4-ad24-a605f568e3ef,2024-02-16T18:00:26.674Z,,,Pickup and Delivery,2021,1
2886867,b97c99d5-9e3d-4a67-9bfb-7391c64d97e4,88f52f6b-b3f1-4ef4-ad24-a605f568e3ef,2024-02-16T18:00:14.344Z,,,Shipment Documents,2021,8
2543958,b9af7c16-ff87-4e1c-80a3-437afe643c62,88f52f6b-b3f1-4ef4-ad24-a605f568e3ef,2024-02-16T18:00:14.267Z,,,Weighing,2022,1
2886867,ba239c22-a9e9-4f84-a856-843ac3dc7657,88f52f6b-b3f1-4ef4-ad24-a605f568e3ef,2024-02-16T18:00:14.367Z,,,Shipment Documents,2022,4
3006268,bb3e9a73-5f50-4223-bbc1-133329faeec6,88f52f6b-b3f1-4ef4-ad24-a605f568e3ef,2024-02-16T18:00:13.947Z,,,Weighing,2023,1
2139244,bb7d3445-00c7-4309-91a9-fdf4f4e4515a,88f52f6b-b3f1-4ef4-ad24-a605f568e3ef,2024-02-16T17:59:53.137Z,,,Weighing,2021,1
1664920,bb7e83d5-e0e6-4894-95e5-03ec8724daed,88f52f6b-b3f1-4ef4-ad24-a605f568e3ef,2024-02-16T17:59:53.022Z,,,Weighing,2022,1
2139244,bb86b56b-8fcd-438c-a8fd-3e0e2600fd1c,88f52f6b-b3f1-4ef4-ad24-a605f568e3ef,2024-02-16T17:59:53.151Z,,,Claim Settlement,2022,1
2821065,bba3902f-1b08-48c3-a530-9c958ba4106f,88f52f6b-b3f1-4ef4-ad24-a605f568e3ef,2024-02-16T18:00:13.967Z,,,Hostage,2021,4
3376640,bc75b445-4ef2-4ada-88f2-14a4a017babf,88f52f6b-b3f1-4ef4-ad24-a605f568e3ef,2024-02-16T18:00:14.021Z,,,Consumer Complaint(Deceptive Business Practices),2023,1
3712697,bcca6457-65a4-4ecf-89c2-22023ec46835,88f52f6b-b3f1-4ef4-ad24-a605f568e3ef,2024-02-16T18:00:26.419Z,,,Operating Authority,2021,1
2239995,bcfb1366-2846-49d4-baf2-c8dd499b29a4,88f52f6b-b3f1-4ef4-ad24-a605f568e3ef,2024-02-16T18:00:14.474Z,,,Pickup and Delivery,2023,1
3405773,bd330236-f95c-4d00-b0df-f7a3d95eb583,88f52f6b-b3f1-4ef4-ad24-a605f568e3ef,2024-02-16T18:00:14.050Z,,,Weighing,2021,2
2543958,bd8cc389-9375-40e1-8a00-969b3d000a00,88f52f6b-b3f1-4ef4-ad24-a605f568e3ef,2024-02-16T18:00:14.250Z,,,Hostage,2021,3
3379742,be9030b8-97af-44ea-88dd-18d4a2c930c3,88f52f6b-b3f1-4ef4-ad24-a605f568e3ef,2024-02-16T18:00:14.574Z,,,Claim Settlement,2023,1
3013492,bf3969e4-8c40-4045-adb2-35a27d26ffe7,88f52f6b-b3f1-4ef4-ad24-a605f568e3ef,2024-02-16T18:00:14.421Z,,,Estimates/Final Charges,2023,1
3179208,c0472c61-91bd-494f-9471-351935d30833,88f52f6b-b3f1-4ef4-ad24-a605f568e3ef,2024-02-16T17:59:52.944Z,,,Claim Settlement,2022,1
8257,c0a5d4f2-5707-4912-a5d2-4f29880e6aa1,88f52f6b-b3f1-4ef4-ad24-a605f568e3ef,2024-02-16T18:00:26.411Z,,,Loss and Damage,2022,1
2239995,c0a9e08f-471a-4d85-b8fc-89fb6f72ef32,88f52f6b-b3f1-4ef4-ad24-a605f568e3ef,2024-02-16T18:00:14.481Z,,,Consumer Complaint(Deceptive Business Practices),2023,2
3013492,c0b26d67-00fb-4de1-9985-085184b9e992,88f52f6b-b3f1-4ef4-ad24-a605f568e3ef,2024-02-16T18:00:14.416Z,,,Consumer Complaint(Deceptive Business Practices),2022,2
1413859,c0d8b8f8-d8a8-4e91-9d41-ad77f3ef54f0,88f52f6b-b3f1-4ef4-ad24-a605f568e3ef,2024-02-16T17:59:53.109Z,,,Insurance,2022,1
2924244,c1a045a4-e796-4154-b3d1-a801f71ef91b,88f52f6b-b3f1-4ef4-ad24-a605f568e3ef,2024-02-16T18:00:14.146Z,,,Consumer Complaint(Deceptive Business Practices),2023,1
3500694,c1f1ac28-e795-4ee0-bf50-d3ccf5688879,88f52f6b-b3f1-4ef4-ad24-a605f568e3ef,2024-02-16T17:59:52.989Z,,,Loss and Damage,2021,1
3859945,c1f38514-0348-42df-9ef9-0b11091e145c,88f52f6b-b3f1-4ef4-ad24-a605f568e3ef,2024-02-16T17:59:53.008Z,,,Claim Settlement,2023,1
2821065,c247972f-bfe4-4ba6-b09f-14a1bdf8395a,88f52f6b-b3f1-4ef4-ad24-a605f568e3ef,2024-02-16T18:00:13.971Z,,,Loss and Damage,2021,4
3491781,c24f4d29-56ad-4f49-9b5b-139e8560a206,88f52f6b-b3f1-4ef4-ad24-a605f568e3ef,2024-02-16T18:00:14.178Z,,,Hostage,2022,5
2886867,c2934ed3-4b96-45c2-956e-22841979ba89,88f52f6b-b3f1-4ef4-ad24-a605f568e3ef,2024-02-16T18:00:14.395Z,,,Pickup and Delivery,2023,2
2239995,c2a97e6f-cca1-4327-81a0-eaec821e0f26,88f52f6b-b3f1-4ef4-ad24-a605f568e3ef,2024-02-16T18:00:14.445Z,,,Shipment Documents,2022,2
3379742,c2a9fa2d-e6e3-43c9-a6b1-6f68e65cfcf7,88f52f6b-b3f1-4ef4-ad24-a605f568e3ef,2024-02-16T18:00:14.538Z,,,Loss and Damage,2021,4
3174328,c31868de-0fe5-4bda-bb4b-042bd89b0fcc,88f52f6b-b3f1-4ef4-ad24-a605f568e3ef,2024-02-16T17:59:53.194Z,,,Estimates/Final Charges,2023,1
2955542,c3966399-cdd3-4699-b9fb-38a54f1458c5,88f52f6b-b3f1-4ef4-ad24-a605f568e3ef,2024-02-16T17:59:53.093Z,,,Weighing,2022,1
2247863,c411a1ba-23dc-4957-8ceb-a775a869fefc,88f52f6b-b3f1-4ef4-ad24-a605f568e3ef,2024-02-16T18:00:14.283Z,,,Shipment Documents,2021,15
3006268,c466aa65-091a-4ffe-a3cb-9312308a88fe,88f52f6b-b3f1-4ef4-ad24-a605f568e3ef,2024-02-16T18:00:13.908Z,,,Weighing,2021,1
3307068,c4c0a2f9-66ff-439b-a854-823eb5315bc5,88f52f6b-b3f1-4ef4-ad24-a605f568e3ef,2024-02-16T18:00:14.681Z,,,Insurance,2022,1
3698115,c5d86d0c-732b-4907-87dc-afb8693fff8c,88f52f6b-b3f1-4ef4-ad24-a605f568e3ef,2024-02-16T18:00:26.762Z,,,Weighing,2022,1
2372043,c5f6691b-585c-4f77-a3f3-9aa00c318b1c,88f52f6b-b3f1-4ef4-ad24-a605f568e3ef,2024-02-16T18:00:14.125Z,,,Pickup and Delivery,2022,2
3712697,c60968ed-b139-4c76-b9a7-f9c6932772d7,88f52f6b-b3f1-4ef4-ad24-a605f568e3ef,2024-02-16T18:00:26.653Z,,,Hostage,2023,1
2821065,c7882487-4ece-497b-ade5-9be87d15b253,88f52f6b-b3f1-4ef4-ad24-a605f568e3ef,2024-02-16T18:00:14.003Z,,,Claim Settlement,2022,7
3307068,c7d9ebde-0a95-4b26-82df-d6f65c3c9b51,88f52f6b-b3f1-4ef4-ad24-a605f568e3ef,2024-02-16T18:00:14.702Z,,,Consumer Complaint(Deceptive Business Practices),2022,2
3505390,c81fd967-ed04-464c-b34e-1c3a02a96b48,88f52f6b-b3f1-4ef4-ad24-a605f568e3ef,2024-02-16T18:00:26.730Z,,,Consumer Complaint(Deceptive Business Practices),2021,1
2247863,ca9d74f4-3d49-49cb-860a-84e40ec8289d,88f52f6b-b3f1-4ef4-ad24-a605f568e3ef,2024-02-16T18:00:14.328Z,,,Weighing,2023,2
3006268,caa1cbd0-566e-4650-b41f-4721cd2cd610,88f52f6b-b3f1-4ef4-ad24-a605f568e3ef,2024-02-16T18:00:13.942Z,,,Shipment Documents,2023,1
2258113,cabb7569-15e6-4557-9e77-d0eb4f220b78,88f52f6b-b3f1-4ef4-ad24-a605f568e3ef,2024-02-16T17:59:52.976Z,,,Consumer Complaint(Deceptive Business Practices),2022,4
2139244,cb8fbe8d-6164-46f4-9ad4-a84c9b9cf2e3,88f52f6b-b3f1-4ef4-ad24-a605f568e3ef,2024-02-16T17:59:53.142Z,,,Loss and Damage,2021,2
2543958,cb9285fc-ba31-407b-ad8d-5b0fc72a7756,88f52f6b-b3f1-4ef4-ad24-a605f568e3ef,2024-02-16T18:00:14.257Z,,,Claim Settlement,2021,4
2543958,ce1fb134-971b-402c-b0a7-fcc794246cba,88f52f6b-b3f1-4ef4-ad24-a605f568e3ef,2024-02-16T18:00:14.247Z,,,Weighing,2021,2
3013492,ce3e051f-8fe2-44e9-8559-6967a9258bc5,88f52f6b-b3f1-4ef4-ad24-a605f568e3ef,2024-02-16T18:00:14.418Z,,,Shipment Documents,2023,1
2924244,ce628514-660a-4457-90a9-fd048ac628af,88f52f6b-b3f1-4ef4-ad24-a605f568e3ef,2024-02-16T18:00:14.141Z,,,Loss and Damage,2023,1
3698115,ced19e82-ac5a-40c0-99e1-406d865eea22,88f52f6b-b3f1-4ef4-ad24-a605f568e3ef,2024-02-16T18:00:26.774Z,,,Operating Authority,2023,1
3491781,cf2323c7-49bf-4028-b313-bb327bcd4ea8,88f52f6b-b3f1-4ef4-ad24-a605f568e3ef,2024-02-16T18:00:14.199Z,,,Weighing,2023,1
3405773,cf9a953e-4d18-4368-adde-a67af0cd0871,88f52f6b-b3f1-4ef4-ad24-a605f568e3ef,2024-02-16T18:00:14.075Z,,,Pickup and Delivery,2022,2
1664920,d0129b50-dff1-47e8-916e-9fad561b6b55,88f52f6b-b3f1-4ef4-ad24-a605f568e3ef,2024-02-16T17:59:53.028Z,,,Pickup and Delivery,2022,1
2265822,d0d9e732-0138-4338-a2f6-2db63af99d01,88f52f6b-b3f1-4ef4-ad24-a605f568e3ef,2024-02-16T18:00:14.522Z,,,Claim Settlement,2021,1
2955542,d0f97ca3-ed9f-48c8-b716-f0865b9c35b2,88f52f6b-b3f1-4ef4-ad24-a605f568e3ef,2024-02-16T17:59:53.061Z,,,Estimates/Final Charges,2021,3
1151019,d190923c-45c8-4c87-9982-2dc4ee4d1d2c,88f52f6b-b3f1-4ef4-ad24-a605f568e3ef,2024-02-16T18:00:14.653Z,,,Consumer Complaint(Deceptive Business Practices),2023,1
3307068,d22e7154-e7f7-41cb-a7ed-705995f2699b,88f52f6b-b3f1-4ef4-ad24-a605f568e3ef,2024-02-16T18:00:14.665Z,,,Hostage,2021,22
2821065,d2534e2a-d960-47ef-af2a-f332328c655f,88f52f6b-b3f1-4ef4-ad24-a605f568e3ef,2024-02-16T18:00:13.979Z,,,Operating Authority,2022,1
2543958,d26ed70c-d297-4e3d-9fbd-c306914406a3,88f52f6b-b3f1-4ef4-ad24-a605f568e3ef,2024-02-16T18:00:14.254Z,,,Loss and Damage,2021,5
1151019,d2ebd26b-1486-4591-a5a7-8a39565b6ce5,88f52f6b-b3f1-4ef4-ad24-a605f568e3ef,2024-02-16T18:00:14.635Z,,,Claim Settlement,2022,2
3091833,d2efb590-f376-4bda-a6a8-0a7fd33554d5,88f52f6b-b3f1-4ef4-ad24-a605f568e3ef,2024-02-16T18:00:14.598Z,,,Consumer Complaint(Deceptive Business Practices),2022,2
3165347,d303a734-d779-4192-9108-248f94f49a45,88f52f6b-b3f1-4ef4-ad24-a605f568e3ef,2024-02-16T18:00:14.486Z,,,Pickup and Delivery,2022,1
3307068,d428753e-572e-49fb-baf8-84327b05f752,88f52f6b-b3f1-4ef4-ad24-a605f568e3ef,2024-02-16T18:00:14.697Z,,,Loss and Damage,2022,1
3712697,d43f2496-b588-4586-a899-6ff07c5f057d,88f52f6b-b3f1-4ef4-ad24-a605f568e3ef,2024-02-16T18:00:26.422Z,,,Estimates/Final Charges,2021,1
3091833,d515ba6d-c04c-483c-b94d-b777470396c8,88f52f6b-b3f1-4ef4-ad24-a605f568e3ef,2024-02-16T18:00:14.583Z,,,Estimates/Final Charges,2022,3
3174328,d5509456-bd2c-4c33-8f7f-08c36d501dd6,88f52f6b-b3f1-4ef4-ad24-a605f568e3ef,2024-02-16T17:59:53.197Z,,,Weighing,2023,1
2247863,d5cc0869-5a7c-45b0-89ab-c94d7230fdcf,88f52f6b-b3f1-4ef4-ad24-a605f568e3ef,2024-02-16T18:00:14.281Z,,,Operating Authority,2021,1
3940800,d5e3a0e5-39e0-4d54-9e99-75f0eeb5b4cd,88f52f6b-b3f1-4ef4-ad24-a605f568e3ef,2024-02-16T18:00:26.790Z,,,Hostage,2023,2
3405773,d66f6279-3e6d-46ad-9059-d202c2f4dd94,88f52f6b-b3f1-4ef4-ad24-a605f568e3ef,2024-02-16T18:00:14.043Z,,,Operating Authority,2021,1
3163291,d74f67b0-513f-4e7e-9609-199c31762aec,88f52f6b-b3f1-4ef4-ad24-a605f568e3ef,2024-02-16T17:59:53.053Z,,,Consumer Complaint(Deceptive Business Practices),2023,1
2247863,d76db688-d77e-4f0c-bc03-2fe9e68b33d2,88f52f6b-b3f1-4ef4-ad24-a605f568e3ef,2024-02-16T18:00:14.303Z,,,Shipment Documents,2022,6
1475638,d7a36c94-ec80-4dfb-a69c-38b0313bda5b,88f52f6b-b3f1-4ef4-ad24-a605f568e3ef,2024-02-16T18:00:14.233Z,,,Loss and Damage,2021,1
3091833,d960a07b-f07f-4acc-9048-4834beaa5d90,88f52f6b-b3f1-4ef4-ad24-a605f568e3ef,2024-02-16T18:00:14.588Z,,,Hostage,2022,1
2265822,da348dd8-f122-476f-a3c9-1e09972dd856,88f52f6b-b3f1-4ef4-ad24-a605f568e3ef,2024-02-16T18:00:14.519Z,,,Pickup and Delivery,2021,1
2372043,dac9d193-00f4-4675-b182-2be82445d115,88f52f6b-b3f1-4ef4-ad24-a605f568e3ef,2024-02-16T18:00:14.107Z,,,Loss and Damage,2021,6
3505390,db1b01f7-44e0-43bd-a2c9-41ab7bf5ef95,88f52f6b-b3f1-4ef4-ad24-a605f568e3ef,2024-02-16T18:00:26.671Z,,,Hostage,2021,1
2955542,db76f9ef-3e69-44fe-809c-3c9ccdab4cfc,88f52f6b-b3f1-4ef4-ad24-a605f568e3ef,2024-02-16T17:59:53.073Z,,,Pickup and Delivery,2021,2
1664920,dbc54062-a42e-440a-9e65-b1009f449f28,88f52f6b-b3f1-4ef4-ad24-a605f568e3ef,2024-02-16T17:59:53.025Z,,,Hostage,2022,1
1151019,dcd36b8a-cea2-47ae-9a44-1730da3453cf,88f52f6b-b3f1-4ef4-ad24-a605f568e3ef,2024-02-16T18:00:14.644Z,,,Weighing,2023,1
2249592,dde0369d-b193-4339-94c4-ee6734ae627e,88f52f6b-b3f1-4ef4-ad24-a605f568e3ef,2024-02-16T18:00:14.514Z,,,Claim Settlement,2021,1
2886867,de5c7ada-2dfa-4dd8-9ec2-a13ea290d1c1,88f52f6b-b3f1-4ef4-ad24-a605f568e3ef,2024-02-16T18:00:14.363Z,,,Consumer Complaint(Deceptive Business Practices),2021,11
3307068,deb0045e-4bbf-45df-8910-991db0e01a65,88f52f6b-b3f1-4ef4-ad24-a605f568e3ef,2024-02-16T18:00:14.679Z,,,Operating Authority,2022,1
3307068,deeeaebe-d850-4477-8f60-6295e90e88c4,88f52f6b-b3f1-4ef4-ad24-a605f568e3ef,2024-02-16T18:00:14.655Z,,,Operating Authority,2021,6
2239995,df7e4e26-16e7-44fc-84f0-bb7c98666ac5,88f52f6b-b3f1-4ef4-ad24-a605f568e3ef,2024-02-16T18:00:14.462Z,,,Pickup and Delivery,2022,4
2030210,dfcfe063-d725-4d57-9317-d59484bd794b,88f52f6b-b3f1-4ef4-ad24-a605f568e3ef,2024-02-16T18:00:26.754Z,,,Consumer Complaint(Deceptive Business Practices),2021,2
1151019,e022502b-e4e0-4fa8-bfa9-180c1556134e,88f52f6b-b3f1-4ef4-ad24-a605f568e3ef,2024-02-16T18:00:14.612Z,,,Loss and Damage,2021,7
2924244,e07244cf-b28a-4fe9-817c-7796acd43529,88f52f6b-b3f1-4ef4-ad24-a605f568e3ef,2024-02-16T18:00:14.139Z,,,Weighing,2023,1
2247863,e0b682fd-1ecd-4b62-a430-a9d7942b22ef,88f52f6b-b3f1-4ef4-ad24-a605f568e3ef,2024-02-16T18:00:14.316Z,,,Claim Settlement,2022,4
3940800,e0f2159f-d51d-4db6-9e68-03e35edce42e,88f52f6b-b3f1-4ef4-ad24-a605f568e3ef,2024-02-16T18:00:26.787Z,,,Weighing,2023,2
3405773,e13adda1-267e-400a-aaef-4fb070c8e3d1,88f52f6b-b3f1-4ef4-ad24-a605f568e3ef,2024-02-16T18:00:14.065Z,,,Shipment Documents,2022,1
2372043,e153d3e6-700d-4d58-88df-c1b4e657a88f,88f52f6b-b3f1-4ef4-ad24-a605f568e3ef,2024-02-16T18:00:14.100Z,,,Weighing,2021,4
3429180,e18947ee-649e-4e4a-8376-ccd0bf4d5f6e,88f52f6b-b3f1-4ef4-ad24-a605f568e3ef,2024-02-16T17:59:53.015Z,,,Consumer Complaint(Deceptive Business Practices),2022,1
3940800,e262760e-bb77-4248-bff1-905fa4959628,88f52f6b-b3f1-4ef4-ad24-a605f568e3ef,2024-02-16T18:00:26.779Z,,,Operating Authority,2023,3
2239995,e2a3e6d5-63e9-4978-875e-b363aa5168ef,88f52f6b-b3f1-4ef4-ad24-a605f568e3ef,2024-02-16T18:00:14.472Z,,,Estimates/Final Charges,2023,2
2239995,e354de05-3325-4168-bfb8-141e560a857c,88f52f6b-b3f1-4ef4-ad24-a605f568e3ef,2024-02-16T18:00:14.453Z,,,Weighing,2022,1
1475638,e396f366-6b20-49cc-a060-cf9b6859a79b,88f52f6b-b3f1-4ef4-ad24-a605f568e3ef,2024-02-16T18:00:14.236Z,,,Claim Settlement,2021,1
1151019,e3bc5608-8fe6-47e8-9e51-202247574f53,88f52f6b-b3f1-4ef4-ad24-a605f568e3ef,2024-02-16T18:00:14.610Z,,,Pickup and Delivery,2021,3
2918300,e3da754c-cd2f-4b81-8c63-d16ed4c07bba,88f52f6b-b3f1-4ef4-ad24-a605f568e3ef,2024-02-16T18:00:14.082Z,,,Shipment Documents,2022,1
3013492,e4045b1d-28e9-4ac3-a55f-c300ca58acfc,88f52f6b-b3f1-4ef4-ad24-a605f568e3ef,2024-02-16T18:00:14.423Z,,,Pickup and Delivery,2023,1
3491781,e50a270b-90fc-4072-81b1-a625d4bd1f14,88f52f6b-b3f1-4ef4-ad24-a605f568e3ef,2024-02-16T18:00:14.189Z,,,Owner Operator - Leasing Violations,2022,1
2239995,e56cb640-95e3-4210-b5b0-c309f63f859b,88f52f6b-b3f1-4ef4-ad24-a605f568e3ef,2024-02-16T18:00:14.470Z,,,Consumer Complaint(Deceptive Business Practices),2022,6
3505390,e624a6a8-3c9c-45f8-a25d-dd47d69c4a2a,88f52f6b-b3f1-4ef4-ad24-a605f568e3ef,2024-02-16T18:00:26.736Z,,,Claim Settlement,2022,1
3091833,e636c05f-3f82-42a2-9ca5-0c131b020542,88f52f6b-b3f1-4ef4-ad24-a605f568e3ef,2024-02-16T18:00:14.591Z,,,Pickup and Delivery,2022,1
3379742,e6500e0d-39fe-42f8-b0c6-21c30067991d,88f52f6b-b3f1-4ef4-ad24-a605f568e3ef,2024-02-16T18:00:14.567Z,,,Pickup and Delivery,2023,1
3405773,e65d899b-a5d8-4948-a1cd-9b558ab9f905,88f52f6b-b3f1-4ef4-ad24-a605f568e3ef,2024-02-16T18:00:14.058Z,,,Loss and Damage,2021,1
2543958,e755c6f3-10b6-429c-81af-d58bb667b321,88f52f6b-b3f1-4ef4-ad24-a605f568e3ef,2024-02-16T18:00:14.243Z,,,Shipment Documents,2021,5
2239995,e862ab0d-6ec9-481b-977a-bbd32afd1fdc,88f52f6b-b3f1-4ef4-ad24-a605f568e3ef,2024-02-16T18:00:14.465Z,,,Loss and Damage,2022,1
1413859,e8c026cd-b132-48ea-bd91-a1b284b4efd1,88f52f6b-b3f1-4ef4-ad24-a605f568e3ef,2024-02-16T17:59:53.128Z,,,Other Commercial Complaints,2022,1
3405773,e8dc4e23-99ad-4e4a-b2c0-b4af0c34bc69,88f52f6b-b3f1-4ef4-ad24-a605f568e3ef,2024-02-16T18:00:14.072Z,,,Hostage,2022,2
2258113,e8ea02c5-4b92-48f8-b41a-ca47b9bd65c8,88f52f6b-b3f1-4ef4-ad24-a605f568e3ef,2024-02-16T17:59:52.954Z,,,Loss and Damage,2021,1
2886867,e90d41cf-ea06-4f12-ad84-bc25f5f4ee5c,88f52f6b-b3f1-4ef4-ad24-a605f568e3ef,2024-02-16T18:00:14.346Z,,,Estimates/Final Charges,2021,11
3405773,e93758cb-d68c-4687-974e-ef837d787e1b,88f52f6b-b3f1-4ef4-ad24-a605f568e3ef,2024-02-16T18:00:14.048Z,,,Estimates/Final Charges,2021,3
2139244,eb400c02-1348-4cd2-8c7b-14f33c6c0afb,88f52f6b-b3f1-4ef4-ad24-a605f568e3ef,2024-02-16T17:59:53.135Z,,,Estimates/Final Charges,2021,1
3307068,eb532cc8-e266-4cfe-96e9-c1ad2ee69353,88f52f6b-b3f1-4ef4-ad24-a605f568e3ef,2024-02-16T18:00:14.657Z,,,Shipment Documents,2021,31
3165347,ebc18a8f-f1bf-4392-bff6-fd084789f2c3,88f52f6b-b3f1-4ef4-ad24-a605f568e3ef,2024-02-16T18:00:14.494Z,,,Weighing,2023,1
3405773,ee0722f9-d013-480e-a884-3ad673139af7,88f52f6b-b3f1-4ef4-ad24-a605f568e3ef,2024-02-16T18:00:14.060Z,,,Claim Settlement,2021,1
2821065,eeccad96-ed32-4bee-ab15-1f26b73d5a95,88f52f6b-b3f1-4ef4-ad24-a605f568e3ef,2024-02-16T18:00:13.962Z,,,Estimates/Final Charges,2021,6
3006268,ef2451b0-3c92-4e15-9798-ef759f4c7b4a,88f52f6b-b3f1-4ef4-ad24-a605f568e3ef,2024-02-16T18:00:13.952Z,,,Loss and Damage,2023,1
3712697,f129a63f-9a5d-4e63-8e07-69a8873bbc20,88f52f6b-b3f1-4ef4-ad24-a605f568e3ef,2024-02-16T18:00:26.547Z,,,Estimates/Final Charges,2023,2
2886867,f14f00ca-1416-41a5-8172-ce710e1db269,88f52f6b-b3f1-4ef4-ad24-a605f568e3ef,2024-02-16T18:00:14.359Z,,,Claim Settlement,2021,7
3698115,f1885dbc-a4de-430a-a394-d5fcf295b7c2,88f52f6b-b3f1-4ef4-ad24-a605f568e3ef,2024-02-16T18:00:26.757Z,,,Shipment Documents,2022,2
3174328,f188c595-326e-47e1-b789-34e031e254e0,88f52f6b-b3f1-4ef4-ad24-a605f568e3ef,2024-02-16T17:59:53.177Z,,,Pickup and Delivery,2022,1
3712697,f1b19a9f-17c9-42db-bcc8-6074d7390a64,88f52f6b-b3f1-4ef4-ad24-a605f568e3ef,2024-02-16T18:00:26.427Z,,,Loss and Damage,2021,1
2543958,f1b4103c-c8ac-4734-9653-350abad2f106,88f52f6b-b3f1-4ef4-ad24-a605f568e3ef,2024-02-16T18:00:14.240Z,,,Insurance,2021,1
3379742,f1ee1ab1-2b8c-4c58-b1ce-0b7d37825793,88f52f6b-b3f1-4ef4-ad24-a605f568e3ef,2024-02-16T18:00:14.545Z,,,Consumer Complaint(Deceptive Business Practices),2021,4
2372043,f1f8720a-82fe-4110-8f83-2f6d1c9805f0,88f52f6b-b3f1-4ef4-ad24-a605f568e3ef,2024-02-16T18:00:14.115Z,,,Insurance,2022,1
2821065,f20693ae-a27d-4758-88b8-a3eaeec603b1,88f52f6b-b3f1-4ef4-ad24-a605f568e3ef,2024-02-16T18:00:13.997Z,,,Pickup and Delivery,2022,5
3940800,f377cf1f-2e77-4e72-b5d5-b0502612fab1,88f52f6b-b3f1-4ef4-ad24-a605f568e3ef,2024-02-16T18:00:26.792Z,,,Pickup and Delivery,2023,2
3165347,f3f1f575-f248-4cca-aab2-4ed0066ee119,88f52f6b-b3f1-4ef4-ad24-a605f568e3ef,2024-02-16T18:00:14.506Z,,,Claim Settlement,2023,1
2886867,f433decb-2366-4f07-8274-7e22b2a8a019,88f52f6b-b3f1-4ef4-ad24-a605f568e3ef,2024-02-16T18:00:14.370Z,,,Estimates/Final Charges,2022,2
1151019,f467c606-3c68-4f06-a884-80d6fdbd62b2,88f52f6b-b3f1-4ef4-ad24-a605f568e3ef,2024-02-16T18:00:14.601Z,,,Shipment Documents,2021,5
2239995,f491cc4a-579b-4465-a3b8-beea2799dcf6,88f52f6b-b3f1-4ef4-ad24-a605f568e3ef,2024-02-16T18:00:14.427Z,,,Estimates/Final Charges,2021,2
2372043,f49e4cd6-054c-4135-b75e-d4d68aa05748,88f52f6b-b3f1-4ef4-ad24-a605f568e3ef,2024-02-16T18:00:14.122Z,,,Weighing,2022,2
2030210,f4a7621e-5c55-4d95-822a-089d98708571,88f52f6b-b3f1-4ef4-ad24-a605f568e3ef,2024-02-16T18:00:26.749Z,,,Loss and Damage,2021,1
1475638,f5170546-b02e-4806-bb3a-97e79342de10,88f52f6b-b3f1-4ef4-ad24-a605f568e3ef,2024-02-16T18:00:14.226Z,,,Shipment Documents,2021,1
1413859,f51772bc-3a7f-4b7a-bf6c-a48839583d32,88f52f6b-b3f1-4ef4-ad24-a605f568e3ef,2024-02-16T17:59:53.130Z,,,Consumer Complaint(Deceptive Business Practices),2022,1
3174328,f76ab8fe-91d4-4bf7-adfb-72052a1feca4,88f52f6b-b3f1-4ef4-ad24-a605f568e3ef,2024-02-16T17:59:53.202Z,,,Loss and Damage,2023,1
2886867,f8060113-4bf0-4b4a-8e77-2f701ceda682,88f52f6b-b3f1-4ef4-ad24-a605f568e3ef,2024-02-16T18:00:14.393Z,,,Weighing,2023,1
2247863,f8840f25-4745-4ace-9bd0-98aa38dad0c0,88f52f6b-b3f1-4ef4-ad24-a605f568e3ef,2024-02-16T18:00:14.323Z,,,Shipment Documents,2023,1
3491781,f8d9d1ed-a2ec-46a0-b1bc-9a447dd0f3f9,88f52f6b-b3f1-4ef4-ad24-a605f568e3ef,2024-02-16T18:00:14.206Z,,,Loss and Damage,2023,4
2030210,f9f26189-da74-4b2a-9b7c-d599e19b03f1,88f52f6b-b3f1-4ef4-ad24-a605f568e3ef,2024-02-16T18:00:26.743Z,,,Hostage,2021,1
2955542,faca796b-7336-4bb3-a326-6157cde49d2e,88f52f6b-b3f1-4ef4-ad24-a605f568e3ef,2024-02-16T17:59:53.096Z,,,Hostage,2022,1
3163291,face0a80-73b4-4077-9f46-871bed64dfec,88f52f6b-b3f1-4ef4-ad24-a605f568e3ef,2024-02-16T17:59:53.050Z,,,Loss and Damage,2023,1
1664920,fb1e8672-0548-434f-b4b1-cfac9c6859e5,88f52f6b-b3f1-4ef4-ad24-a605f568e3ef,2024-02-16T17:59:53.046Z,,,Claim Settlement,2023,1
3006268,fb928083-0115-4508-82a8-684e69f4cc2e,88f52f6b-b3f1-4ef4-ad24-a605f568e3ef,2024-02-16T18:00:13.933Z,,,Loss and Damage,2022,2
3491781,fbefb749-382d-4cca-90ea-d0d675cb2581,88f52f6b-b3f1-4ef4-ad24-a605f568e3ef,2024-02-16T18:00:14.169Z,,,Insurance,2022,1
2239995,fcb68c10-b4c0-4399-9a49-66a13b3f3ebe,88f52f6b-b3f1-4ef4-ad24-a605f568e3ef,2024-02-16T18:00:14.477Z,,,Loss and Damage,2023,1
3165347,fcf8bea1-9825-4d95-ba07-6642af53f815,88f52f6b-b3f1-4ef4-ad24-a605f568e3ef,2024-02-16T18:00:14.484Z,,,Shipment Documents,2022,1
1664920,fd0527f4-7811-40a6-b58c-cc3747479bbf,88f52f6b-b3f1-4ef4-ad24-a605f568e3ef,2024-02-16T17:59:53.038Z,,,Shipment Documents,2023,1
3165347,fd36740c-9817-4f8a-9fc8-6ca7901457d4,88f52f6b-b3f1-4ef4-ad24-a605f568e3ef,2024-02-16T18:00:14.488Z,,,Shipment Documents,2023,2
2258113,fd73ae75-e8a3-4486-a887-67c392f994d9,88f52f6b-b3f1-4ef4-ad24-a605f568e3ef,2024-02-16T17:59:52.966Z,,,Hostage,2022,1
2258113,fe725ea1-2d8f-4820-af85-be129bc94530,88f52f6b-b3f1-4ef4-ad24-a605f568e3ef,2024-02-16T17:59:52.962Z,,,Estimates/Final Charges,2022,3
3174328,ff53700d-11c6-4fd1-b56c-927e22f699ec,88f52f6b-b3f1-4ef4-ad24-a605f568e3ef,2024-02-16T17:59:53.169Z,,,Estimates/Final Charges,2022,2
